file,line,type,commit,author,date,time,timezone,datetime,depth,length
style.css,1,css,fa8111d6,Yixuan Xin,2025-04-19,13:31:48,-07:00,2025-04-19T13:31:48-07:00,0,4
style.css,2,css,fa8111d6,Yixuan Xin,2025-04-19,13:31:48,-07:00,2025-04-19T13:31:48-07:00,0,24
style.css,3,css,fa8111d6,Yixuan Xin,2025-04-19,13:31:48,-07:00,2025-04-19T13:31:48-07:00,0,0
style.css,4,css,0fda1f57,Yixuan Xin,2025-04-15,21:39:38,-07:00,2025-04-15T21:39:38-07:00,0,5
style.css,5,css,7ba19444,Yixuan Xin,2025-04-15,21:32:40,-07:00,2025-04-15T21:32:40-07:00,0,22
style.css,6,css,7ba19444,Yixuan Xin,2025-04-15,21:32:40,-07:00,2025-04-15T21:32:40-07:00,0,32
style.css,7,css,7ba19444,Yixuan Xin,2025-04-15,21:32:40,-07:00,2025-04-15T21:32:40-07:00,0,0
style.css,8,css,b5f25b3e,Yixuan Xin,2025-04-16,20:54:56,-07:00,2025-04-16T20:54:56-07:00,0,43
style.css,9,css,7ba19444,Yixuan Xin,2025-04-15,21:32:40,-07:00,2025-04-15T21:32:40-07:00,0,0
style.css,10,css,34888ca7,Yixuan Xin,2025-04-11,17:15:36,-07:00,2025-04-11T17:15:36-07:00,0,5
style.css,11,css,34888ca7,Yixuan Xin,2025-04-11,17:15:36,-07:00,2025-04-11T17:15:36-07:00,0,44
style.css,12,css,34888ca7,Yixuan Xin,2025-04-11,17:15:36,-07:00,2025-04-11T17:15:36-07:00,0,43
style.css,13,css,34888ca7,Yixuan Xin,2025-04-11,17:15:36,-07:00,2025-04-11T17:15:36-07:00,0,1
style.css,14,css,34888ca7,Yixuan Xin,2025-04-11,17:15:36,-07:00,2025-04-11T17:15:36-07:00,0,24
style.css,15,css,57f2be6d,Yixuan Xin,2025-04-15,18:31:35,-07:00,2025-04-15T18:31:35-07:00,0,78
style.css,16,css,57f2be6d,Yixuan Xin,2025-04-15,18:31:35,-07:00,2025-04-15T18:31:35-07:00,0,53
style.css,17,css,57f2be6d,Yixuan Xin,2025-04-15,18:31:35,-07:00,2025-04-15T18:31:35-07:00,0,44
style.css,18,css,e5694631,Yixuan Xin,2025-04-15,21:27:34,-07:00,2025-04-15T21:27:34-07:00,0,0
style.css,19,css,e5694631,Yixuan Xin,2025-04-15,21:27:34,-07:00,2025-04-15T21:27:34-07:00,0,4
style.css,20,css,e5694631,Yixuan Xin,2025-04-15,21:27:34,-07:00,2025-04-15T21:27:34-07:00,0,72
style.css,21,css,e5694631,Yixuan Xin,2025-04-15,21:27:34,-07:00,2025-04-15T21:27:34-07:00,0,17
style.css,22,css,e5694631,Yixuan Xin,2025-04-15,21:27:34,-07:00,2025-04-15T21:27:34-07:00,0,24
style.css,23,css,e5694631,Yixuan Xin,2025-04-15,21:27:34,-07:00,2025-04-15T21:27:34-07:00,0,26
style.css,24,css,a5700738,Yixuan Xin,2025-04-19,13:38:23,-07:00,2025-04-19T13:38:23-07:00,0,69
style.css,25,css,e5694631,Yixuan Xin,2025-04-15,21:27:34,-07:00,2025-04-15T21:27:34-07:00,0,0
style.css,26,css,e5694631,Yixuan Xin,2025-04-15,21:27:34,-07:00,2025-04-15T21:27:34-07:00,0,0
style.css,27,css,de882d45,Yixuan Xin,2025-04-15,19:17:57,-07:00,2025-04-15T19:17:57-07:00,0,0
style.css,28,css,e5694631,Yixuan Xin,2025-04-15,21:27:34,-07:00,2025-04-15T21:27:34-07:00,0,6
style.css,29,css,e5694631,Yixuan Xin,2025-04-15,21:27:34,-07:00,2025-04-15T21:27:34-07:00,0,7
style.css,30,css,e5694631,Yixuan Xin,2025-04-15,21:27:34,-07:00,2025-04-15T21:27:34-07:00,0,18
style.css,31,css,e5694631,Yixuan Xin,2025-04-15,21:27:34,-07:00,2025-04-15T21:27:34-07:00,0,21
style.css,32,css,e5694631,Yixuan Xin,2025-04-15,21:27:34,-07:00,2025-04-15T21:27:34-07:00,0,14
style.css,33,css,e5694631,Yixuan Xin,2025-04-15,21:27:34,-07:00,2025-04-15T21:27:34-07:00,0,14
style.css,34,css,e5694631,Yixuan Xin,2025-04-15,21:27:34,-07:00,2025-04-15T21:27:34-07:00,0,0
style.css,35,css,e5694631,Yixuan Xin,2025-04-15,21:27:34,-07:00,2025-04-15T21:27:34-07:00,0,0
style.css,36,css,e5694631,Yixuan Xin,2025-04-15,21:27:34,-07:00,2025-04-15T21:27:34-07:00,0,14
style.css,37,css,e5694631,Yixuan Xin,2025-04-15,21:27:34,-07:00,2025-04-15T21:27:34-07:00,0,44
style.css,38,css,e5694631,Yixuan Xin,2025-04-15,21:27:34,-07:00,2025-04-15T21:27:34-07:00,0,21
style.css,39,css,989f6d68,Yixuan Xin,2025-04-15,21:46:01,-07:00,2025-04-15T21:46:01-07:00,0,0
style.css,40,css,989f6d68,Yixuan Xin,2025-04-15,21:46:01,-07:00,2025-04-15T21:46:01-07:00,0,12
style.css,41,css,0fda1f57,Yixuan Xin,2025-04-15,21:39:38,-07:00,2025-04-15T21:39:38-07:00,0,46
style.css,42,css,ab2d1e79,Yixuan Xin,2025-04-15,23:01:31,-07:00,2025-04-15T23:01:31-07:00,0,0
style.css,43,css,b5f25b3e,Yixuan Xin,2025-04-16,20:54:56,-07:00,2025-04-16T20:54:56-07:00,0,0
style.css,44,css,57ca801c,Yixuan Xin,2025-04-16,21:47:12,-07:00,2025-04-16T21:47:12-07:00,0,5
style.css,45,css,57ca801c,Yixuan Xin,2025-04-16,21:47:12,-07:00,2025-04-16T21:47:12-07:00,0,13
style.css,46,css,55a756ee,Yixuan Xin,2025-04-16,21:52:52,-07:00,2025-04-16T21:52:52-07:00,0,38
style.css,47,css,4ae230b5,Yixuan Xin,2025-04-16,21:56:43,-07:00,2025-04-16T21:56:43-07:00,0,14
style.css,48,css,55a756ee,Yixuan Xin,2025-04-16,21:52:52,-07:00,2025-04-16T21:52:52-07:00,0,16
style.css,49,css,4ae230b5,Yixuan Xin,2025-04-16,21:56:43,-07:00,2025-04-16T21:56:43-07:00,0,11
style.css,50,css,57ca801c,Yixuan Xin,2025-04-16,21:47:12,-07:00,2025-04-16T21:47:12-07:00,0,0
style.css,51,css,57ca801c,Yixuan Xin,2025-04-16,21:47:12,-07:00,2025-04-16T21:47:12-07:00,0,0
style.css,52,css,57ca801c,Yixuan Xin,2025-04-16,21:47:12,-07:00,2025-04-16T21:47:12-07:00,0,6
style.css,53,css,ea73cef9,Yixuan Xin,2025-04-16,21:59:13,-07:00,2025-04-16T21:59:13-07:00,0,13
style.css,54,css,ea73cef9,Yixuan Xin,2025-04-16,21:59:13,-07:00,2025-04-16T21:59:13-07:00,0,30
style.css,55,css,ea73cef9,Yixuan Xin,2025-04-16,21:59:13,-07:00,2025-04-16T21:59:13-07:00,0,39
style.css,56,css,57ca801c,Yixuan Xin,2025-04-16,21:47:12,-07:00,2025-04-16T21:47:12-07:00,0,0
style.css,57,css,5f0c3405,Yixuan Xin,2025-04-19,13:53:24,-07:00,2025-04-19T13:53:24-07:00,0,6
style.css,58,css,57ca801c,Yixuan Xin,2025-04-16,21:47:12,-07:00,2025-04-16T21:47:12-07:00,0,5
style.css,59,css,5f0c3405,Yixuan Xin,2025-04-19,13:53:24,-07:00,2025-04-19T13:53:24-07:00,0,8
style.css,60,css,5f0c3405,Yixuan Xin,2025-04-19,13:53:24,-07:00,2025-04-19T13:53:24-07:00,0,7
style.css,61,css,ea73cef9,Yixuan Xin,2025-04-16,21:59:13,-07:00,2025-04-16T21:59:13-07:00,0,14
style.css,62,css,57ca801c,Yixuan Xin,2025-04-16,21:47:12,-07:00,2025-04-16T21:47:12-07:00,0,11
style.css,63,css,5f0c3405,Yixuan Xin,2025-04-19,13:53:24,-07:00,2025-04-19T13:53:24-07:00,0,20
style.css,64,css,5f0c3405,Yixuan Xin,2025-04-19,13:53:24,-07:00,2025-04-19T13:53:24-07:00,0,18
style.css,65,css,55a756ee,Yixuan Xin,2025-04-16,21:52:52,-07:00,2025-04-16T21:52:52-07:00,0,0
style.css,66,css,55a756ee,Yixuan Xin,2025-04-16,21:52:52,-07:00,2025-04-16T21:52:52-07:00,0,0
style.css,67,css,55a756ee,Yixuan Xin,2025-04-16,21:52:52,-07:00,2025-04-16T21:52:52-07:00,0,7
style.css,68,css,55a756ee,Yixuan Xin,2025-04-16,21:52:52,-07:00,2025-04-16T21:52:52-07:00,0,19
style.css,69,css,4ae230b5,Yixuan Xin,2025-04-16,21:56:43,-07:00,2025-04-16T21:56:43-07:00,0,11
style.css,70,css,c423f159,Yixuan Xin,2025-04-16,21:15:02,-07:00,2025-04-16T21:15:02-07:00,0,0
style.css,71,css,b5f25b3e,Yixuan Xin,2025-04-16,20:54:56,-07:00,2025-04-16T20:54:56-07:00,0,0
style.css,72,css,b5f25b3e,Yixuan Xin,2025-04-16,20:54:56,-07:00,2025-04-16T20:54:56-07:00,0,0
style.css,73,css,8c4f0aab,Yixuan Xin,2025-04-16,18:09:32,-07:00,2025-04-16T18:09:32-07:00,0,9
style.css,74,css,8c4f0aab,Yixuan Xin,2025-04-16,18:09:32,-07:00,2025-04-16T18:09:32-07:00,0,12
style.css,75,css,8c4f0aab,Yixuan Xin,2025-04-16,18:09:32,-07:00,2025-04-16T18:09:32-07:00,0,7
style.css,76,css,8c4f0aab,Yixuan Xin,2025-04-16,18:09:32,-07:00,2025-04-16T18:09:32-07:00,0,59
style.css,77,css,8c4f0aab,Yixuan Xin,2025-04-16,18:09:32,-07:00,2025-04-16T18:09:32-07:00,0,0
style.css,78,css,8c4f0aab,Yixuan Xin,2025-04-16,18:09:32,-07:00,2025-04-16T18:09:32-07:00,0,17
style.css,79,css,8c4f0aab,Yixuan Xin,2025-04-16,18:09:32,-07:00,2025-04-16T18:09:32-07:00,0,12
style.css,80,css,8c4f0aab,Yixuan Xin,2025-04-16,18:09:32,-07:00,2025-04-16T18:09:32-07:00,0,27
style.css,81,css,8c4f0aab,Yixuan Xin,2025-04-16,18:09:32,-07:00,2025-04-16T18:09:32-07:00,0,16
style.css,82,css,8c4f0aab,Yixuan Xin,2025-04-16,18:09:32,-07:00,2025-04-16T18:09:32-07:00,0,0
style.css,83,css,8c4f0aab,Yixuan Xin,2025-04-16,18:09:32,-07:00,2025-04-16T18:09:32-07:00,0,12
style.css,84,css,8c4f0aab,Yixuan Xin,2025-04-16,18:09:32,-07:00,2025-04-16T18:09:32-07:00,0,8
style.css,85,css,8c4f0aab,Yixuan Xin,2025-04-16,18:09:32,-07:00,2025-04-16T18:09:32-07:00,0,16
style.css,86,css,d5533092,Yixuan Xin,2025-04-16,18:16:07,-07:00,2025-04-16T18:16:07-07:00,0,0
style.css,87,css,d5533092,Yixuan Xin,2025-04-16,18:16:07,-07:00,2025-04-16T18:16:07-07:00,0,13
style.css,88,css,d5533092,Yixuan Xin,2025-04-16,18:16:07,-07:00,2025-04-16T18:16:07-07:00,0,10
style.css,89,css,d5533092,Yixuan Xin,2025-04-16,18:16:07,-07:00,2025-04-16T18:16:07-07:00,0,19
style.css,90,css,4a5abbe8,Yixuan Xin,2025-04-16,18:20:47,-07:00,2025-04-16T18:20:47-07:00,0,0
style.css,91,css,4a5abbe8,Yixuan Xin,2025-04-16,18:20:47,-07:00,2025-04-16T18:20:47-07:00,0,44
style.css,92,css,4a5abbe8,Yixuan Xin,2025-04-16,18:20:47,-07:00,2025-04-16T18:20:47-07:00,0,22
style.css,93,css,4a5abbe8,Yixuan Xin,2025-04-16,18:20:47,-07:00,2025-04-16T18:20:47-07:00,0,16
style.css,94,css,4a5abbe8,Yixuan Xin,2025-04-16,18:20:47,-07:00,2025-04-16T18:20:47-07:00,0,18
style.css,95,css,4a5abbe8,Yixuan Xin,2025-04-16,18:20:47,-07:00,2025-04-16T18:20:47-07:00,0,0
style.css,96,css,4a5abbe8,Yixuan Xin,2025-04-16,18:20:47,-07:00,2025-04-16T18:20:47-07:00,0,0
style.css,97,css,4a5abbe8,Yixuan Xin,2025-04-16,18:20:47,-07:00,2025-04-16T18:20:47-07:00,0,2
style.css,98,css,4a5abbe8,Yixuan Xin,2025-04-16,18:20:47,-07:00,2025-04-16T18:20:47-07:00,0,15
style.css,99,css,e1db01d9,Yixuan Xin,2025-04-16,22:11:15,-07:00,2025-04-16T22:11:15-07:00,0,0
style.css,100,css,e1db01d9,Yixuan Xin,2025-04-16,22:11:15,-07:00,2025-04-16T22:11:15-07:00,0,0
style.css,101,css,e1db01d9,Yixuan Xin,2025-04-16,22:11:15,-07:00,2025-04-16T22:11:15-07:00,0,8
style.css,102,css,e1db01d9,Yixuan Xin,2025-04-16,22:11:15,-07:00,2025-04-16T22:11:15-07:00,0,17
style.css,103,css,e1db01d9,Yixuan Xin,2025-04-16,22:11:15,-07:00,2025-04-16T22:11:15-07:00,0,0
style.css,104,css,e1db01d9,Yixuan Xin,2025-04-16,22:11:15,-07:00,2025-04-16T22:11:15-07:00,0,0
style.css,105,css,e1db01d9,Yixuan Xin,2025-04-16,22:11:15,-07:00,2025-04-16T22:11:15-07:00,0,8
style.css,106,css,e1db01d9,Yixuan Xin,2025-04-16,22:11:15,-07:00,2025-04-16T22:11:15-07:00,0,20
style.css,107,css,e1db01d9,Yixuan Xin,2025-04-16,22:11:15,-07:00,2025-04-16T22:11:15-07:00,0,19
style.css,108,css,e1db01d9,Yixuan Xin,2025-04-16,22:11:15,-07:00,2025-04-16T22:11:15-07:00,0,29
style.css,109,css,e1db01d9,Yixuan Xin,2025-04-16,22:11:15,-07:00,2025-04-16T22:11:15-07:00,0,0
style.css,110,css,e1db01d9,Yixuan Xin,2025-04-16,22:11:15,-07:00,2025-04-16T22:11:15-07:00,0,0
style.css,111,css,e1db01d9,Yixuan Xin,2025-04-16,22:11:15,-07:00,2025-04-16T22:11:15-07:00,0,3
style.css,112,css,e1db01d9,Yixuan Xin,2025-04-16,22:11:15,-07:00,2025-04-16T22:11:15-07:00,0,16
style.css,113,css,e1db01d9,Yixuan Xin,2025-04-16,22:11:15,-07:00,2025-04-16T22:11:15-07:00,0,15
style.css,114,css,e1db01d9,Yixuan Xin,2025-04-16,22:11:15,-07:00,2025-04-16T22:11:15-07:00,0,44
style.css,115,css,e1db01d9,Yixuan Xin,2025-04-16,22:11:15,-07:00,2025-04-16T22:11:15-07:00,0,21
style.css,116,css,e1db01d9,Yixuan Xin,2025-04-16,22:11:15,-07:00,2025-04-16T22:11:15-07:00,0,0
style.css,117,css,e1db01d9,Yixuan Xin,2025-04-16,22:11:15,-07:00,2025-04-16T22:11:15-07:00,0,0
style.css,118,css,e1db01d9,Yixuan Xin,2025-04-16,22:11:15,-07:00,2025-04-16T22:11:15-07:00,0,3
style.css,119,css,e1db01d9,Yixuan Xin,2025-04-16,22:11:15,-07:00,2025-04-16T22:11:15-07:00,0,16
style.css,120,css,e1db01d9,Yixuan Xin,2025-04-16,22:11:15,-07:00,2025-04-16T22:11:15-07:00,0,20
style.css,121,css,e1db01d9,Yixuan Xin,2025-04-16,22:11:15,-07:00,2025-04-16T22:11:15-07:00,0,0
style.css,122,css,e1db01d9,Yixuan Xin,2025-04-16,22:11:15,-07:00,2025-04-16T22:11:15-07:00,0,0
style.css,123,css,e1db01d9,Yixuan Xin,2025-04-16,22:11:15,-07:00,2025-04-16T22:11:15-07:00,0,2
style.css,124,css,e1db01d9,Yixuan Xin,2025-04-16,22:11:15,-07:00,2025-04-16T22:11:15-07:00,0,15
style.css,125,css,e1db01d9,Yixuan Xin,2025-04-16,22:11:15,-07:00,2025-04-16T22:11:15-07:00,0,16
style.css,126,css,e1db01d9,Yixuan Xin,2025-04-16,22:11:15,-07:00,2025-04-16T22:11:15-07:00,0,0
style.css,127,css,e1db01d9,Yixuan Xin,2025-04-16,22:11:15,-07:00,2025-04-16T22:11:15-07:00,0,0
style.css,128,css,e1db01d9,Yixuan Xin,2025-04-16,22:11:15,-07:00,2025-04-16T22:11:15-07:00,0,3
style.css,129,css,e1db01d9,Yixuan Xin,2025-04-16,22:11:15,-07:00,2025-04-16T22:11:15-07:00,0,20
style.css,130,css,e1db01d9,Yixuan Xin,2025-04-16,22:11:15,-07:00,2025-04-16T22:11:15-07:00,0,18
style.css,131,css,e1db01d9,Yixuan Xin,2025-04-16,22:11:15,-07:00,2025-04-16T22:11:15-07:00,0,0
style.css,132,css,e1db01d9,Yixuan Xin,2025-04-16,22:11:15,-07:00,2025-04-16T22:11:15-07:00,0,0
style.css,133,css,e1db01d9,Yixuan Xin,2025-04-16,22:11:15,-07:00,2025-04-16T22:11:15-07:00,0,3
style.css,134,css,e1db01d9,Yixuan Xin,2025-04-16,22:11:15,-07:00,2025-04-16T22:11:15-07:00,0,20
style.css,135,css,e1db01d9,Yixuan Xin,2025-04-16,22:11:15,-07:00,2025-04-16T22:11:15-07:00,0,0
style.css,136,css,5f0c3405,Yixuan Xin,2025-04-19,13:53:24,-07:00,2025-04-19T13:53:24-07:00,0,0
style.css,137,css,5f0c3405,Yixuan Xin,2025-04-19,13:53:24,-07:00,2025-04-19T13:53:24-07:00,0,18
style.css,138,css,5f0c3405,Yixuan Xin,2025-04-19,13:53:24,-07:00,2025-04-19T13:53:24-07:00,0,15
style.css,139,css,5f0c3405,Yixuan Xin,2025-04-19,13:53:24,-07:00,2025-04-19T13:53:24-07:00,0,9
style.css,140,css,5f0c3405,Yixuan Xin,2025-04-19,13:53:24,-07:00,2025-04-19T13:53:24-07:00,0,11
style.css,141,css,5f0c3405,Yixuan Xin,2025-04-19,13:53:24,-07:00,2025-04-19T13:53:24-07:00,0,14
style.css,142,css,5f0c3405,Yixuan Xin,2025-04-19,13:53:24,-07:00,2025-04-19T13:53:24-07:00,0,20
style.css,143,css,5f0c3405,Yixuan Xin,2025-04-19,13:53:24,-07:00,2025-04-19T13:53:24-07:00,0,18
style.css,144,css,5f0c3405,Yixuan Xin,2025-04-19,13:53:24,-07:00,2025-04-19T13:53:24-07:00,0,16
style.css,145,css,5f0c3405,Yixuan Xin,2025-04-19,13:53:24,-07:00,2025-04-19T13:53:24-07:00,0,22
style.css,146,css,5f0c3405,Yixuan Xin,2025-04-19,13:53:24,-07:00,2025-04-19T13:53:24-07:00,0,18
style.css,147,css,5f0c3405,Yixuan Xin,2025-04-19,13:53:24,-07:00,2025-04-19T13:53:24-07:00,0,13
style.css,148,css,5f0c3405,Yixuan Xin,2025-04-19,13:53:24,-07:00,2025-04-19T13:53:24-07:00,0,0
style.css,149,css,372f7a35,Yixuan Xin,2025-04-26,20:59:41,-07:00,2025-04-26T20:59:41-07:00,0,0
style.css,150,css,c85d538c,Yixuan Xin,2025-04-26,23:10:32,-07:00,2025-04-26T23:10:32-07:00,0,15
style.css,151,css,372f7a35,Yixuan Xin,2025-04-26,20:59:41,-07:00,2025-04-26T20:59:41-07:00,0,14
style.css,152,css,372f7a35,Yixuan Xin,2025-04-26,20:59:41,-07:00,2025-04-26T20:59:41-07:00,0,26
style.css,153,css,372f7a35,Yixuan Xin,2025-04-26,20:59:41,-07:00,2025-04-26T20:59:41-07:00,0,17
style.css,154,css,372f7a35,Yixuan Xin,2025-04-26,20:59:41,-07:00,2025-04-26T20:59:41-07:00,0,0
style.css,155,css,372f7a35,Yixuan Xin,2025-04-26,20:59:41,-07:00,2025-04-26T20:59:41-07:00,0,18
style.css,156,css,372f7a35,Yixuan Xin,2025-04-26,20:59:41,-07:00,2025-04-26T20:59:41-07:00,0,14
style.css,157,css,c85d538c,Yixuan Xin,2025-04-26,23:10:32,-07:00,2025-04-26T23:10:32-07:00,0,3
style.css,158,css,c85d538c,Yixuan Xin,2025-04-26,23:10:32,-07:00,2025-04-26T23:10:32-07:00,0,10
style.css,159,css,c85d538c,Yixuan Xin,2025-04-26,23:10:32,-07:00,2025-04-26T23:10:32-07:00,0,13
style.css,160,css,c85d538c,Yixuan Xin,2025-04-26,23:10:32,-07:00,2025-04-26T23:10:32-07:00,0,59
style.css,161,css,c85d538c,Yixuan Xin,2025-04-26,23:10:32,-07:00,2025-04-26T23:10:32-07:00,0,9
style.css,162,css,c85d538c,Yixuan Xin,2025-04-26,23:10:32,-07:00,2025-04-26T23:10:32-07:00,0,16
style.css,163,css,c85d538c,Yixuan Xin,2025-04-26,23:10:32,-07:00,2025-04-26T23:10:32-07:00,0,0
style.css,164,css,c85d538c,Yixuan Xin,2025-04-26,23:10:32,-07:00,2025-04-26T23:10:32-07:00,0,0
style.css,165,css,c85d538c,Yixuan Xin,2025-04-26,23:10:32,-07:00,2025-04-26T23:10:32-07:00,0,18
style.css,166,css,c85d538c,Yixuan Xin,2025-04-26,23:10:32,-07:00,2025-04-26T23:10:32-07:00,0,29
style.css,167,css,c85d538c,Yixuan Xin,2025-04-26,23:10:32,-07:00,2025-04-26T23:10:32-07:00,0,20
style.css,168,css,c85d538c,Yixuan Xin,2025-04-26,23:10:32,-07:00,2025-04-26T23:10:32-07:00,0,0
style.css,169,css,c85d538c,Yixuan Xin,2025-04-26,23:10:32,-07:00,2025-04-26T23:10:32-07:00,0,0
style.css,170,css,c85d538c,Yixuan Xin,2025-04-26,23:10:32,-07:00,2025-04-26T23:10:32-07:00,0,14
style.css,171,css,c85d538c,Yixuan Xin,2025-04-26,23:10:32,-07:00,2025-04-26T23:10:32-07:00,0,21
style.css,172,css,c85d538c,Yixuan Xin,2025-04-26,23:10:32,-07:00,2025-04-26T23:10:32-07:00,0,16
style.css,173,css,c85d538c,Yixuan Xin,2025-04-26,23:10:32,-07:00,2025-04-26T23:10:32-07:00,0,14
style.css,174,css,c85d538c,Yixuan Xin,2025-04-26,23:10:32,-07:00,2025-04-26T23:10:32-07:00,0,26
style.css,175,css,c85d538c,Yixuan Xin,2025-04-26,23:10:32,-07:00,2025-04-26T23:10:32-07:00,0,17
style.css,176,css,c85d538c,Yixuan Xin,2025-04-26,23:10:32,-07:00,2025-04-26T23:10:32-07:00,0,0
style.css,177,css,c85d538c,Yixuan Xin,2025-04-26,23:10:32,-07:00,2025-04-26T23:10:32-07:00,0,0
style.css,178,css,c85d538c,Yixuan Xin,2025-04-26,23:10:32,-07:00,2025-04-26T23:10:32-07:00,0,20
style.css,179,css,c85d538c,Yixuan Xin,2025-04-26,23:10:32,-07:00,2025-04-26T23:10:32-07:00,0,14
style.css,180,css,372f7a35,Yixuan Xin,2025-04-26,20:59:41,-07:00,2025-04-26T20:59:41-07:00,0,0
style.css,181,css,7feec8af,Yixuan Xin,2025-04-30,20:41:46,-07:00,2025-04-30T20:41:46-07:00,0,0
style.css,182,css,7feec8af,Yixuan Xin,2025-04-30,20:41:46,-07:00,2025-04-30T20:41:46-07:00,0,0
style.css,183,css,98766751,Yixuan Xin,2025-05-02,22:57:03,-07:00,2025-05-02T22:57:03-07:00,0,9
style.css,184,css,98766751,Yixuan Xin,2025-05-02,22:57:03,-07:00,2025-05-02T22:57:03-07:00,0,12
style.css,185,css,98766751,Yixuan Xin,2025-05-02,22:57:03,-07:00,2025-05-02T22:57:03-07:00,0,58
style.css,186,css,98766751,Yixuan Xin,2025-05-02,22:57:03,-07:00,2025-05-02T22:57:03-07:00,0,8
style.css,187,css,98766751,Yixuan Xin,2025-05-02,22:57:03,-07:00,2025-05-02T22:57:03-07:00,0,16
style.css,188,css,98766751,Yixuan Xin,2025-05-02,22:57:03,-07:00,2025-05-02T22:57:03-07:00,0,12
style.css,189,css,98766751,Yixuan Xin,2025-05-02,22:57:03,-07:00,2025-05-02T22:57:03-07:00,0,25
style.css,190,css,98766751,Yixuan Xin,2025-05-02,22:57:03,-07:00,2025-05-02T22:57:03-07:00,0,18
style.css,191,css,98766751,Yixuan Xin,2025-05-02,22:57:03,-07:00,2025-05-02T22:57:03-07:00,0,22
style.css,192,css,98766751,Yixuan Xin,2025-05-02,22:57:03,-07:00,2025-05-02T22:57:03-07:00,0,15
style.css,193,css,7feec8af,Yixuan Xin,2025-04-30,20:41:46,-07:00,2025-04-30T20:41:46-07:00,0,0
style.css,194,css,ebd6eaba,Yixuan Xin,2025-05-01,18:04:35,-07:00,2025-05-01T18:04:35-07:00,0,12
style.css,195,css,ebd6eaba,Yixuan Xin,2025-05-01,18:04:35,-07:00,2025-05-01T18:04:35-07:00,0,12
style.css,196,css,ebd6eaba,Yixuan Xin,2025-05-01,18:04:35,-07:00,2025-05-01T18:04:35-07:00,0,18
style.css,197,css,ebd6eaba,Yixuan Xin,2025-05-01,18:04:35,-07:00,2025-05-01T18:04:35-07:00,0,10
style.css,198,css,ebd6eaba,Yixuan Xin,2025-05-01,18:04:35,-07:00,2025-05-01T18:04:35-07:00,0,23
style.css,199,css,ebd6eaba,Yixuan Xin,2025-05-01,18:04:35,-07:00,2025-05-01T18:04:35-07:00,0,16
style.css,200,css,ebd6eaba,Yixuan Xin,2025-05-01,18:04:35,-07:00,2025-05-01T18:04:35-07:00,0,0
style.css,201,css,ebd6eaba,Yixuan Xin,2025-05-01,18:04:35,-07:00,2025-05-01T18:04:35-07:00,0,7
style.css,202,css,3122ec41,Yixuan Xin,2025-05-02,18:23:33,-07:00,2025-05-02T18:23:33-07:00,0,21
style.css,203,css,ebd6eaba,Yixuan Xin,2025-05-01,18:04:35,-07:00,2025-05-01T18:04:35-07:00,0,10
style.css,204,css,ebd6eaba,Yixuan Xin,2025-05-01,18:04:35,-07:00,2025-05-01T18:04:35-07:00,0,11
style.css,205,css,ebd6eaba,Yixuan Xin,2025-05-01,18:04:35,-07:00,2025-05-01T18:04:35-07:00,0,16
style.css,206,css,ebd6eaba,Yixuan Xin,2025-05-01,18:04:35,-07:00,2025-05-01T18:04:35-07:00,0,30
style.css,207,css,ebd6eaba,Yixuan Xin,2025-05-01,18:04:35,-07:00,2025-05-01T18:04:35-07:00,0,18
style.css,208,css,ebd6eaba,Yixuan Xin,2025-05-01,18:04:35,-07:00,2025-05-01T18:04:35-07:00,0,0
style.css,209,css,ebd6eaba,Yixuan Xin,2025-05-01,18:04:35,-07:00,2025-05-01T18:04:35-07:00,0,0
style.css,210,css,44e0a484,Yixuan Xin,2025-05-01,22:11:10,-07:00,2025-05-01T22:11:10-07:00,0,0
style.css,211,css,44e0a484,Yixuan Xin,2025-05-01,22:11:10,-07:00,2025-05-01T22:11:10-07:00,0,17
style.css,212,css,44e0a484,Yixuan Xin,2025-05-01,22:11:10,-07:00,2025-05-01T22:11:10-07:00,0,13
style.css,213,css,44e0a484,Yixuan Xin,2025-05-01,22:11:10,-07:00,2025-05-01T22:11:10-07:00,0,19
style.css,214,css,44e0a484,Yixuan Xin,2025-05-01,22:11:10,-07:00,2025-05-01T22:11:10-07:00,0,9
style.css,215,css,44e0a484,Yixuan Xin,2025-05-01,22:11:10,-07:00,2025-05-01T22:11:10-07:00,0,15
style.css,216,css,44e0a484,Yixuan Xin,2025-05-01,22:11:10,-07:00,2025-05-01T22:11:10-07:00,0,16
style.css,217,css,44e0a484,Yixuan Xin,2025-05-01,22:11:10,-07:00,2025-05-01T22:11:10-07:00,0,0
style.css,218,css,44e0a484,Yixuan Xin,2025-05-01,22:11:10,-07:00,2025-05-01T22:11:10-07:00,0,0
style.css,219,css,44e0a484,Yixuan Xin,2025-05-01,22:11:10,-07:00,2025-05-01T22:11:10-07:00,0,34
style.css,220,css,44e0a484,Yixuan Xin,2025-05-01,22:11:10,-07:00,2025-05-01T22:11:10-07:00,0,21
style.css,221,css,44e0a484,Yixuan Xin,2025-05-01,22:11:10,-07:00,2025-05-01T22:11:10-07:00,0,14
style.css,222,css,98766751,Yixuan Xin,2025-05-02,22:57:03,-07:00,2025-05-02T22:57:03-07:00,0,12
style.css,223,css,98766751,Yixuan Xin,2025-05-02,22:57:03,-07:00,2025-05-02T22:57:03-07:00,0,13
style.css,224,css,44e0a484,Yixuan Xin,2025-05-01,22:11:10,-07:00,2025-05-01T22:11:10-07:00,0,0
style.css,225,css,44e0a484,Yixuan Xin,2025-05-01,22:11:10,-07:00,2025-05-01T22:11:10-07:00,0,0
style.css,226,css,44e0a484,Yixuan Xin,2025-05-01,22:11:10,-07:00,2025-05-01T22:11:10-07:00,0,26
style.css,227,css,44e0a484,Yixuan Xin,2025-05-01,22:11:10,-07:00,2025-05-01T22:11:10-07:00,0,10
style.css,228,css,44e0a484,Yixuan Xin,2025-05-01,22:11:10,-07:00,2025-05-01T22:11:10-07:00,0,7
style.css,229,css,44e0a484,Yixuan Xin,2025-05-01,22:11:10,-07:00,2025-05-01T22:11:10-07:00,0,0
style.css,230,css,44e0a484,Yixuan Xin,2025-05-01,22:11:10,-07:00,2025-05-01T22:11:10-07:00,0,0
style.css,231,css,bf94ae8e,Yixuan Xin,2025-05-02,18:40:49,-07:00,2025-05-02T18:40:49-07:00,0,48
style.css,232,css,bf94ae8e,Yixuan Xin,2025-05-02,18:40:49,-07:00,2025-05-02T18:40:49-07:00,0,12
style.css,233,css,98766751,Yixuan Xin,2025-05-02,22:57:03,-07:00,2025-05-02T22:57:03-07:00,0,29
style.css,234,css,bf94ae8e,Yixuan Xin,2025-05-02,18:40:49,-07:00,2025-05-02T18:40:49-07:00,0,0
style.css,235,css,b4f666c0,Yixuan Xin,2025-05-02,21:22:06,-07:00,2025-05-02T21:22:06-07:00,0,4
style.css,236,css,b4f666c0,Yixuan Xin,2025-05-02,21:22:06,-07:00,2025-05-02T21:22:06-07:00,0,15
style.css,237,css,b4f666c0,Yixuan Xin,2025-05-02,21:22:06,-07:00,2025-05-02T21:22:06-07:00,0,25
style.css,238,css,b4f666c0,Yixuan Xin,2025-05-02,21:22:06,-07:00,2025-05-02T21:22:06-07:00,0,0
style.css,239,css,b4f666c0,Yixuan Xin,2025-05-02,21:22:06,-07:00,2025-05-02T21:22:06-07:00,0,10
style.css,240,css,b4f666c0,Yixuan Xin,2025-05-02,21:22:06,-07:00,2025-05-02T21:22:06-07:00,0,36
style.css,241,css,b4f666c0,Yixuan Xin,2025-05-02,21:22:06,-07:00,2025-05-02T21:22:06-07:00,0,0
style.css,242,css,b4f666c0,Yixuan Xin,2025-05-02,21:22:06,-07:00,2025-05-02T21:22:06-07:00,0,0
style.css,243,css,b4f666c0,Yixuan Xin,2025-05-02,21:22:06,-07:00,2025-05-02T21:22:06-07:00,0,13
style.css,244,css,b4f666c0,Yixuan Xin,2025-05-02,21:22:06,-07:00,2025-05-02T21:22:06-07:00,0,17
style.css,245,css,b4f666c0,Yixuan Xin,2025-05-02,21:22:06,-07:00,2025-05-02T21:22:06-07:00,0,0
style.css,246,css,b4f666c0,Yixuan Xin,2025-05-02,21:22:06,-07:00,2025-05-02T21:22:06-07:00,0,21
style.css,247,css,b4f666c0,Yixuan Xin,2025-05-02,21:22:06,-07:00,2025-05-02T21:22:06-07:00,0,30
style.css,248,css,b4f666c0,Yixuan Xin,2025-05-02,21:22:06,-07:00,2025-05-02T21:22:06-07:00,0,17
style.css,249,css,408893cf,Yixuan Xin,2025-05-02,21:53:46,-07:00,2025-05-02T21:53:46-07:00,0,0
style.css,250,css,408893cf,Yixuan Xin,2025-05-02,21:53:46,-07:00,2025-05-02T21:53:46-07:00,0,0
style.css,251,css,98766751,Yixuan Xin,2025-05-02,22:57:03,-07:00,2025-05-02T22:57:03-07:00,0,8
style.css,252,css,98766751,Yixuan Xin,2025-05-02,22:57:03,-07:00,2025-05-02T22:57:03-07:00,0,13
style.css,253,css,98766751,Yixuan Xin,2025-05-02,22:57:03,-07:00,2025-05-02T22:57:03-07:00,0,15
style.css,254,css,98766751,Yixuan Xin,2025-05-02,22:57:03,-07:00,2025-05-02T22:57:03-07:00,0,9
style.css,255,css,98766751,Yixuan Xin,2025-05-02,22:57:03,-07:00,2025-05-02T22:57:03-07:00,0,15
style.css,256,css,98766751,Yixuan Xin,2025-05-02,22:57:03,-07:00,2025-05-02T22:57:03-07:00,0,16
style.css,257,css,98766751,Yixuan Xin,2025-05-02,22:57:03,-07:00,2025-05-02T22:57:03-07:00,0,23
style.css,258,css,98766751,Yixuan Xin,2025-05-02,22:57:03,-07:00,2025-05-02T22:57:03-07:00,0,0
style.css,259,css,98766751,Yixuan Xin,2025-05-02,22:57:03,-07:00,2025-05-02T22:57:03-07:00,0,0
style.css,260,css,98766751,Yixuan Xin,2025-05-02,22:57:03,-07:00,2025-05-02T22:57:03-07:00,0,13
style.css,261,css,98766751,Yixuan Xin,2025-05-02,22:57:03,-07:00,2025-05-02T22:57:03-07:00,0,13
style.css,262,css,98766751,Yixuan Xin,2025-05-02,22:57:03,-07:00,2025-05-02T22:57:03-07:00,0,19
style.css,263,css,98766751,Yixuan Xin,2025-05-02,22:57:03,-07:00,2025-05-02T22:57:03-07:00,0,11
style.css,264,css,98766751,Yixuan Xin,2025-05-02,22:57:03,-07:00,2025-05-02T22:57:03-07:00,0,0
index.js,1,js,0ea825b7,Yixuan Xin,2025-04-26,14:37:07,-07:00,2025-04-26T14:37:07-07:00,0,72
index.js,2,js,1554e91c,Yixuan Xin,2025-04-26,13:35:20,-07:00,2025-04-26T13:35:20-07:00,0,0
index.js,3,js,10c0f3e5,Yixuan Xin,2025-04-26,20:45:53,-07:00,2025-04-26T20:45:53-07:00,0,39
index.js,4,js,8e26b37e,Yixuan Xin,2025-04-26,14:30:45,-07:00,2025-04-26T14:30:45-07:00,0,55
index.js,5,js,8e26b37e,Yixuan Xin,2025-04-26,14:30:45,-07:00,2025-04-26T14:30:45-07:00,0,43
index.js,6,js,8e26b37e,Yixuan Xin,2025-04-26,14:30:45,-07:00,2025-04-26T14:30:45-07:00,0,0
index.js,7,js,8e26b37e,Yixuan Xin,2025-04-26,14:30:45,-07:00,2025-04-26T14:30:45-07:00,0,61
index.js,8,js,8e26b37e,Yixuan Xin,2025-04-26,14:30:45,-07:00,2025-04-26T14:30:45-07:00,0,32
index.js,9,js,8e26b37e,Yixuan Xin,2025-04-26,14:30:45,-07:00,2025-04-26T14:30:45-07:00,0,0
index.js,10,js,8e26b37e,Yixuan Xin,2025-04-26,14:30:45,-07:00,2025-04-26T14:30:45-07:00,0,38
index.js,11,js,8e26b37e,Yixuan Xin,2025-04-26,14:30:45,-07:00,2025-04-26T14:30:45-07:00,0,48
index.js,12,js,8e26b37e,Yixuan Xin,2025-04-26,14:30:45,-07:00,2025-04-26T14:30:45-07:00,0,0
index.js,13,js,8e26b37e,Yixuan Xin,2025-04-26,14:30:45,-07:00,2025-04-26T14:30:45-07:00,0,0
index.js,14,js,10c0f3e5,Yixuan Xin,2025-04-26,20:45:53,-07:00,2025-04-26T20:45:53-07:00,0,56
index.js,15,js,10c0f3e5,Yixuan Xin,2025-04-26,20:45:53,-07:00,2025-04-26T20:45:53-07:00,0,61
index.js,16,js,10c0f3e5,Yixuan Xin,2025-04-26,20:45:53,-07:00,2025-04-26T20:45:53-07:00,0,18
index.js,17,js,34b78610,Yixuan Xin,2025-04-26,15:03:13,-07:00,2025-04-26T15:03:13-07:00,0,25
index.js,18,js,10c0f3e5,Yixuan Xin,2025-04-26,20:45:53,-07:00,2025-04-26T20:45:53-07:00,0,3
index.js,19,js,10c0f3e5,Yixuan Xin,2025-04-26,20:45:53,-07:00,2025-04-26T20:45:53-07:00,0,56
index.js,20,js,10c0f3e5,Yixuan Xin,2025-04-26,20:45:53,-07:00,2025-04-26T20:45:53-07:00,0,56
index.js,21,js,10c0f3e5,Yixuan Xin,2025-04-26,20:45:53,-07:00,2025-04-26T20:45:53-07:00,0,50
index.js,22,js,10c0f3e5,Yixuan Xin,2025-04-26,20:45:53,-07:00,2025-04-26T20:45:53-07:00,0,50
index.js,23,js,10c0f3e5,Yixuan Xin,2025-04-26,20:45:53,-07:00,2025-04-26T20:45:53-07:00,0,4
index.js,24,js,10c0f3e5,Yixuan Xin,2025-04-26,20:45:53,-07:00,2025-04-26T20:45:53-07:00,0,1
index.js,25,js,10c0f3e5,Yixuan Xin,2025-04-26,20:45:53,-07:00,2025-04-26T20:45:53-07:00,0,0
index.js,26,js,10c0f3e5,Yixuan Xin,2025-04-26,20:45:53,-07:00,2025-04-26T20:45:53-07:00,0,0
index.js,27,js,10c0f3e5,Yixuan Xin,2025-04-26,20:45:53,-07:00,2025-04-26T20:45:53-07:00,0,23
index.html,1,html,8b11a73d,Yixuan Xin,2025-04-11,16:12:57,-07:00,2025-04-11T16:12:57-07:00,0,14
index.html,2,html,8b11a73d,Yixuan Xin,2025-04-11,16:12:57,-07:00,2025-04-11T16:12:57-07:00,0,15
index.html,3,html,8b11a73d,Yixuan Xin,2025-04-11,16:12:57,-07:00,2025-04-11T16:12:57-07:00,0,5
index.html,4,html,8b11a73d,Yixuan Xin,2025-04-11,16:12:57,-07:00,2025-04-11T16:12:57-07:00,0,21
index.html,5,html,8b11a73d,Yixuan Xin,2025-04-11,16:12:57,-07:00,2025-04-11T16:12:57-07:00,0,69
index.html,6,html,8b11a73d,Yixuan Xin,2025-04-11,16:12:57,-07:00,2025-04-11T16:12:57-07:00,0,52
index.html,7,html,34888ca7,Yixuan Xin,2025-04-11,17:15:36,-07:00,2025-04-11T17:15:36-07:00,0,39
index.html,8,html,03abd453,Yixuan Xin,2025-04-18,17:32:18,-07:00,2025-04-18T17:32:18-07:00,0,46
index.html,9,html,b16423b2,Yixuan Xin,2025-04-26,13:45:16,-07:00,2025-04-26T13:45:16-07:00,0,51
index.html,10,html,00000000,Not Committed Yet,2025-05-07,22:38:09,-07:00,2025-05-07T22:38:09-07:00,0,4
index.html,11,html,00000000,Not Committed Yet,2025-05-07,22:38:09,-07:00,2025-05-07T22:38:09-07:00,0,3
index.html,12,html,00000000,Not Committed Yet,2025-05-07,22:38:09,-07:00,2025-05-07T22:38:09-07:00,0,32
index.html,13,html,00000000,Not Committed Yet,2025-05-07,22:38:09,-07:00,2025-05-07T22:38:09-07:00,0,4
index.html,14,html,00000000,Not Committed Yet,2025-05-07,22:38:09,-07:00,2025-05-07T22:38:09-07:00,0,5
index.html,15,html,00000000,Not Committed Yet,2025-05-07,22:38:09,-07:00,2025-05-07T22:38:09-07:00,0,0
index.html,16,html,2480384c,Yixuan Xin,2025-05-07,22:35:18,-07:00,2025-05-07T22:35:18-07:00,0,0
index.html,17,html,fcef4ad1,Yixuan Xin,2025-04-18,17:40:59,-07:00,2025-04-18T17:40:59-07:00,0,0
index.html,18,html,8b11a73d,Yixuan Xin,2025-04-11,16:12:57,-07:00,2025-04-11T16:12:57-07:00,0,6
index.html,19,html,8b11a73d,Yixuan Xin,2025-04-11,16:12:57,-07:00,2025-04-11T16:12:57-07:00,0,5
index.html,20,html,8b11a73d,Yixuan Xin,2025-04-11,16:12:57,-07:00,2025-04-11T16:12:57-07:00,0,18
index.html,21,html,8b11a73d,Yixuan Xin,2025-04-11,16:12:57,-07:00,2025-04-11T16:12:57-07:00,0,180
index.html,22,html,6f1ba7fb,Yixuan Xin,2025-04-12,23:28:17,-07:00,2025-04-12T23:28:17-07:00,0,73
index.html,23,html,34b78610,Yixuan Xin,2025-04-26,15:03:13,-07:00,2025-04-26T15:03:13-07:00,0,0
index.html,24,html,34b78610,Yixuan Xin,2025-04-26,15:03:13,-07:00,2025-04-26T15:03:13-07:00,0,23
index.html,25,html,d769222e,Yixuan Xin,2025-04-26,13:50:28,-07:00,2025-04-26T13:50:28-07:00,0,27
index.html,26,html,34b78610,Yixuan Xin,2025-04-26,15:03:13,-07:00,2025-04-26T15:03:13-07:00,0,0
index.html,27,html,34b78610,Yixuan Xin,2025-04-26,15:03:13,-07:00,2025-04-26T15:03:13-07:00,0,28
index.html,28,html,34b78610,Yixuan Xin,2025-04-26,15:03:13,-07:00,2025-04-26T15:03:13-07:00,0,29
index.html,29,html,00000000,Not Committed Yet,2025-05-07,22:38:09,-07:00,2025-05-07T22:38:09-07:00,0,0
index.html,30,html,34b78610,Yixuan Xin,2025-04-26,15:03:13,-07:00,2025-04-26T15:03:13-07:00,0,0
index.html,31,html,8b11a73d,Yixuan Xin,2025-04-11,16:12:57,-07:00,2025-04-11T16:12:57-07:00,0,6
index.html,32,html,8b11a73d,Yixuan Xin,2025-04-11,16:12:57,-07:00,2025-04-11T16:12:57-07:00,0,6
global.js,1,js,03abd453,Yixuan Xin,2025-04-18,17:32:18,-07:00,2025-04-18T17:32:18-07:00,0,26
global.js,2,js,03abd453,Yixuan Xin,2025-04-18,17:32:18,-07:00,2025-04-18T17:32:18-07:00,0,0
global.js,3,js,bdc577f4,Yixuan Xin,2025-04-18,21:28:27,-07:00,2025-04-18T21:28:27-07:00,0,42
global.js,4,js,bdc577f4,Yixuan Xin,2025-04-18,21:28:27,-07:00,2025-04-18T21:28:27-07:00,0,53
global.js,5,js,bdc577f4,Yixuan Xin,2025-04-18,21:28:27,-07:00,2025-04-18T21:28:27-07:00,0,0
global.js,6,js,5f0c3405,Yixuan Xin,2025-04-19,13:53:24,-07:00,2025-04-19T13:53:24-07:00,0,9
global.js,7,js,5f0c3405,Yixuan Xin,2025-04-19,13:53:24,-07:00,2025-04-19T13:53:24-07:00,0,32
global.js,8,js,5f0c3405,Yixuan Xin,2025-04-19,13:53:24,-07:00,2025-04-19T13:53:24-07:00,0,12
global.js,9,js,5f0c3405,Yixuan Xin,2025-04-19,13:53:24,-07:00,2025-04-19T13:53:24-07:00,0,0
global.js,10,js,5f0c3405,Yixuan Xin,2025-04-19,13:53:24,-07:00,2025-04-19T13:53:24-07:00,1,27
global.js,11,js,5f0c3405,Yixuan Xin,2025-04-19,13:53:24,-07:00,2025-04-19T13:53:24-07:00,2,5
global.js,12,js,bf0efbb9,Yixuan Xin,2025-04-19,14:03:57,-07:00,2025-04-19T14:03:57-07:00,2,32
global.js,13,js,bf0efbb9,Yixuan Xin,2025-04-19,14:03:57,-07:00,2025-04-19T14:03:57-07:00,0,44
global.js,14,js,bf0efbb9,Yixuan Xin,2025-04-19,14:03:57,-07:00,2025-04-19T14:03:57-07:00,0,35
global.js,15,js,bf0efbb9,Yixuan Xin,2025-04-19,14:03:57,-07:00,2025-04-19T14:03:57-07:00,0,33
global.js,16,js,bf0efbb9,Yixuan Xin,2025-04-19,14:03:57,-07:00,2025-04-19T14:03:57-07:00,0,8
global.js,17,js,5f0c3405,Yixuan Xin,2025-04-19,13:53:24,-07:00,2025-04-19T13:53:24-07:00,1,9
global.js,18,js,5f0c3405,Yixuan Xin,2025-04-19,13:53:24,-07:00,2025-04-19T13:53:24-07:00,0,1
global.js,19,js,bf0efbb9,Yixuan Xin,2025-04-19,14:03:57,-07:00,2025-04-19T14:03:57-07:00,0,0
global.js,20,js,33b85008,Yixuan Xin,2025-04-19,16:22:55,-07:00,2025-04-19T16:22:55-07:00,0,0
global.js,21,js,0e80fe0a,Yixuan Xin,2025-04-19,16:36:29,-07:00,2025-04-19T16:36:29-07:00,0,59
global.js,22,js,0e80fe0a,Yixuan Xin,2025-04-19,16:36:29,-07:00,2025-04-19T16:36:29-07:00,0,89
global.js,23,js,0e80fe0a,Yixuan Xin,2025-04-19,16:36:29,-07:00,2025-04-19T16:36:29-07:00,0,31
global.js,24,js,0e80fe0a,Yixuan Xin,2025-04-19,16:36:29,-07:00,2025-04-19T16:36:29-07:00,0,65
global.js,25,js,0e80fe0a,Yixuan Xin,2025-04-19,16:36:29,-07:00,2025-04-19T16:36:29-07:00,0,19
global.js,26,js,17ac5fd9,Yixuan Xin,2025-04-19,14:32:04,-07:00,2025-04-19T14:32:04-07:00,0,0
global.js,27,js,0e80fe0a,Yixuan Xin,2025-04-19,16:36:29,-07:00,2025-04-19T16:36:29-07:00,0,33
global.js,28,js,17ac5fd9,Yixuan Xin,2025-04-19,14:32:04,-07:00,2025-04-19T14:32:04-07:00,0,40
global.js,29,js,0e80fe0a,Yixuan Xin,2025-04-19,16:36:29,-07:00,2025-04-19T16:36:29-07:00,0,0
global.js,30,js,17ac5fd9,Yixuan Xin,2025-04-19,14:32:04,-07:00,2025-04-19T14:32:04-07:00,0,0
global.js,31,js,20817c67,Yixuan Xin,2025-04-19,13:58:20,-07:00,2025-04-19T13:58:20-07:00,0,50
global.js,32,js,0e80fe0a,Yixuan Xin,2025-04-19,16:36:29,-07:00,2025-04-19T16:36:29-07:00,0,28
global.js,33,js,0e80fe0a,Yixuan Xin,2025-04-19,16:36:29,-07:00,2025-04-19T16:36:29-07:00,0,48
global.js,34,js,0e80fe0a,Yixuan Xin,2025-04-19,16:36:29,-07:00,2025-04-19T16:36:29-07:00,0,30
global.js,35,js,0e80fe0a,Yixuan Xin,2025-04-19,16:36:29,-07:00,2025-04-19T16:36:29-07:00,0,21
global.js,36,js,0e80fe0a,Yixuan Xin,2025-04-19,16:36:29,-07:00,2025-04-19T16:36:29-07:00,0,80
global.js,37,js,20817c67,Yixuan Xin,2025-04-19,13:58:20,-07:00,2025-04-19T13:58:20-07:00,0,2
global.js,38,js,20817c67,Yixuan Xin,2025-04-19,13:58:20,-07:00,2025-04-19T13:58:20-07:00,0,0
global.js,39,js,c49ddc2b,Yixuan Xin,2025-04-19,12:37:06,-07:00,2025-04-19T12:37:06-07:00,0,7
global.js,40,js,c49ddc2b,Yixuan Xin,2025-04-19,12:37:06,-07:00,2025-04-19T12:37:06-07:00,0,51
global.js,41,js,c49ddc2b,Yixuan Xin,2025-04-19,12:37:06,-07:00,2025-04-19T12:37:06-07:00,0,41
global.js,42,js,c49ddc2b,Yixuan Xin,2025-04-19,12:37:06,-07:00,2025-04-19T12:37:06-07:00,0,34
global.js,43,js,c49ddc2b,Yixuan Xin,2025-04-19,12:37:06,-07:00,2025-04-19T12:37:06-07:00,0,74
global.js,44,js,c49ddc2b,Yixuan Xin,2025-04-19,12:37:06,-07:00,2025-04-19T12:37:06-07:00,0,6
global.js,45,js,c49ddc2b,Yixuan Xin,2025-04-19,12:37:06,-07:00,2025-04-19T12:37:06-07:00,0,54
global.js,46,js,c49ddc2b,Yixuan Xin,2025-04-19,12:37:06,-07:00,2025-04-19T12:37:06-07:00,0,20
global.js,47,js,c49ddc2b,Yixuan Xin,2025-04-19,12:37:06,-07:00,2025-04-19T12:37:06-07:00,0,38
global.js,48,js,c49ddc2b,Yixuan Xin,2025-04-19,12:37:06,-07:00,2025-04-19T12:37:06-07:00,0,40
global.js,49,js,c49ddc2b,Yixuan Xin,2025-04-19,12:37:06,-07:00,2025-04-19T12:37:06-07:00,0,3
global.js,50,js,5f0c3405,Yixuan Xin,2025-04-19,13:53:24,-07:00,2025-04-19T13:53:24-07:00,0,5
global.js,51,js,ac5fad35,Yixuan Xin,2025-04-19,12:24:29,-07:00,2025-04-19T12:24:29-07:00,0,0
global.js,52,js,c49ddc2b,Yixuan Xin,2025-04-19,12:37:06,-07:00,2025-04-19T12:37:06-07:00,0,28
global.js,53,js,e36bc177,Yixuan Xin,2025-04-18,20:37:11,-07:00,2025-04-18T20:37:11-07:00,0,12
global.js,54,js,e36bc177,Yixuan Xin,2025-04-18,20:37:11,-07:00,2025-04-18T20:37:11-07:00,0,26
global.js,55,js,e36bc177,Yixuan Xin,2025-04-18,20:37:11,-07:00,2025-04-18T20:37:11-07:00,0,39
global.js,56,js,e36bc177,Yixuan Xin,2025-04-18,20:37:11,-07:00,2025-04-18T20:37:11-07:00,0,37
global.js,57,js,e36bc177,Yixuan Xin,2025-04-18,20:37:11,-07:00,2025-04-18T20:37:11-07:00,0,27
global.js,58,js,bdc577f4,Yixuan Xin,2025-04-18,21:28:27,-07:00,2025-04-18T21:28:27-07:00,0,59
global.js,59,js,e36bc177,Yixuan Xin,2025-04-18,20:37:11,-07:00,2025-04-18T20:37:11-07:00,0,1
global.js,60,js,e36bc177,Yixuan Xin,2025-04-18,20:37:11,-07:00,2025-04-18T20:37:11-07:00,0,0
global.js,61,js,c49ddc2b,Yixuan Xin,2025-04-19,12:37:06,-07:00,2025-04-19T12:37:06-07:00,0,30
global.js,62,js,e36bc177,Yixuan Xin,2025-04-18,20:37:11,-07:00,2025-04-18T20:37:11-07:00,0,39
global.js,63,js,e36bc177,Yixuan Xin,2025-04-18,20:37:11,-07:00,2025-04-18T20:37:11-07:00,0,26
global.js,64,js,c49ddc2b,Yixuan Xin,2025-04-19,12:37:06,-07:00,2025-04-19T12:37:06-07:00,0,74
global.js,65,js,25a1b18b,Yixuan Xin,2025-04-19,16:07:23,-07:00,2025-04-19T16:07:23-07:00,0,89
global.js,66,js,76dd4e77,Yixuan Xin,2025-04-19,16:12:46,-07:00,2025-04-19T16:12:46-07:00,0,24
global.js,67,js,25a1b18b,Yixuan Xin,2025-04-19,16:07:23,-07:00,2025-04-19T16:07:23-07:00,0,59
global.js,68,js,e36bc177,Yixuan Xin,2025-04-18,20:37:11,-07:00,2025-04-18T20:37:11-07:00,0,21
global.js,69,js,76dd4e77,Yixuan Xin,2025-04-19,16:12:46,-07:00,2025-04-19T16:12:46-07:00,0,15
global.js,70,js,76dd4e77,Yixuan Xin,2025-04-19,16:12:46,-07:00,2025-04-19T16:12:46-07:00,0,19
global.js,71,js,e11caeb1,Yixuan Xin,2025-04-19,14:16:06,-07:00,2025-04-19T14:16:06-07:00,0,0
global.js,72,js,76dd4e77,Yixuan Xin,2025-04-19,16:12:46,-07:00,2025-04-19T16:12:46-07:00,0,59
global.js,73,js,61d21a4f,Yixuan Xin,2025-04-19,12:58:03,-07:00,2025-04-19T12:58:03-07:00,0,0
global.js,74,js,76dd4e77,Yixuan Xin,2025-04-19,16:12:46,-07:00,2025-04-19T16:12:46-07:00,0,35
global.js,75,js,76dd4e77,Yixuan Xin,2025-04-19,16:12:46,-07:00,2025-04-19T16:12:46-07:00,0,12
global.js,76,js,76dd4e77,Yixuan Xin,2025-04-19,16:12:46,-07:00,2025-04-19T16:12:46-07:00,0,21
global.js,77,js,76dd4e77,Yixuan Xin,2025-04-19,16:12:46,-07:00,2025-04-19T16:12:46-07:00,0,0
global.js,78,js,76dd4e77,Yixuan Xin,2025-04-19,16:12:46,-07:00,2025-04-19T16:12:46-07:00,0,66
global.js,79,js,76dd4e77,Yixuan Xin,2025-04-19,16:12:46,-07:00,2025-04-19T16:12:46-07:00,0,26
global.js,80,js,76dd4e77,Yixuan Xin,2025-04-19,16:12:46,-07:00,2025-04-19T16:12:46-07:00,0,0
global.js,81,js,76dd4e77,Yixuan Xin,2025-04-19,16:12:46,-07:00,2025-04-19T16:12:46-07:00,0,0
global.js,82,js,76dd4e77,Yixuan Xin,2025-04-19,16:12:46,-07:00,2025-04-19T16:12:46-07:00,0,30
global.js,83,js,76dd4e77,Yixuan Xin,2025-04-19,16:12:46,-07:00,2025-04-19T16:12:46-07:00,0,19
global.js,84,js,76dd4e77,Yixuan Xin,2025-04-19,16:12:46,-07:00,2025-04-19T16:12:46-07:00,0,0
global.js,85,js,76dd4e77,Yixuan Xin,2025-04-19,16:12:46,-07:00,2025-04-19T16:12:46-07:00,0,0
global.js,86,js,76dd4e77,Yixuan Xin,2025-04-19,16:12:46,-07:00,2025-04-19T16:12:46-07:00,0,13
global.js,87,js,82f81eea,Yixuan Xin,2025-04-19,12:39:21,-07:00,2025-04-19T12:39:21-07:00,0,0
global.js,88,js,76dd4e77,Yixuan Xin,2025-04-19,16:12:46,-07:00,2025-04-19T16:12:46-07:00,0,24
global.js,89,js,76dd4e77,Yixuan Xin,2025-04-19,16:12:46,-07:00,2025-04-19T16:12:46-07:00,0,22
global.js,90,js,76dd4e77,Yixuan Xin,2025-04-19,16:12:46,-07:00,2025-04-19T16:12:46-07:00,0,26
global.js,91,js,76dd4e77,Yixuan Xin,2025-04-19,16:12:46,-07:00,2025-04-19T16:12:46-07:00,0,49
global.js,92,js,76dd4e77,Yixuan Xin,2025-04-19,16:12:46,-07:00,2025-04-19T16:12:46-07:00,0,0
global.js,93,js,76dd4e77,Yixuan Xin,2025-04-19,16:12:46,-07:00,2025-04-19T16:12:46-07:00,0,77
global.js,94,js,76dd4e77,Yixuan Xin,2025-04-19,16:12:46,-07:00,2025-04-19T16:12:46-07:00,0,0
global.js,95,js,76dd4e77,Yixuan Xin,2025-04-19,16:12:46,-07:00,2025-04-19T16:12:46-07:00,0,85
global.js,96,js,76dd4e77,Yixuan Xin,2025-04-19,16:12:46,-07:00,2025-04-19T16:12:46-07:00,0,42
global.js,97,js,76dd4e77,Yixuan Xin,2025-04-19,16:12:46,-07:00,2025-04-19T16:12:46-07:00,0,19
global.js,98,js,76dd4e77,Yixuan Xin,2025-04-19,16:12:46,-07:00,2025-04-19T16:12:46-07:00,0,28
global.js,99,js,76dd4e77,Yixuan Xin,2025-04-19,16:12:46,-07:00,2025-04-19T16:12:46-07:00,0,30
global.js,100,js,76dd4e77,Yixuan Xin,2025-04-19,16:12:46,-07:00,2025-04-19T16:12:46-07:00,0,73
global.js,101,js,76dd4e77,Yixuan Xin,2025-04-19,16:12:46,-07:00,2025-04-19T16:12:46-07:00,0,35
global.js,102,js,76dd4e77,Yixuan Xin,2025-04-19,16:12:46,-07:00,2025-04-19T16:12:46-07:00,0,7
global.js,103,js,76dd4e77,Yixuan Xin,2025-04-19,16:12:46,-07:00,2025-04-19T16:12:46-07:00,0,35
global.js,104,js,76dd4e77,Yixuan Xin,2025-04-19,16:12:46,-07:00,2025-04-19T16:12:46-07:00,0,37
global.js,105,js,76dd4e77,Yixuan Xin,2025-04-19,16:12:46,-07:00,2025-04-19T16:12:46-07:00,0,28
global.js,106,js,76dd4e77,Yixuan Xin,2025-04-19,16:12:46,-07:00,2025-04-19T16:12:46-07:00,0,7
global.js,107,js,76dd4e77,Yixuan Xin,2025-04-19,16:12:46,-07:00,2025-04-19T16:12:46-07:00,0,20
global.js,108,js,76dd4e77,Yixuan Xin,2025-04-19,16:12:46,-07:00,2025-04-19T16:12:46-07:00,0,3
global.js,109,js,25a1b18b,Yixuan Xin,2025-04-19,16:07:23,-07:00,2025-04-19T16:07:23-07:00,0,92
global.js,110,js,25a1b18b,Yixuan Xin,2025-04-19,16:07:23,-07:00,2025-04-19T16:07:23-07:00,0,60
global.js,111,js,25a1b18b,Yixuan Xin,2025-04-19,16:07:23,-07:00,2025-04-19T16:07:23-07:00,0,62
global.js,112,js,5e06fe83,Yixuan Xin,2025-04-19,12:48:50,-07:00,2025-04-19T12:48:50-07:00,0,38
global.js,113,js,76dd4e77,Yixuan Xin,2025-04-19,16:12:46,-07:00,2025-04-19T16:12:46-07:00,0,55
global.js,114,js,53212405,Yixuan Xin,2025-05-01,17:51:42,-07:00,2025-05-01T17:51:42-07:00,0,14
global.js,115,js,d25a8c84,Yixuan Xin,2025-04-24,23:57:32,-07:00,2025-04-24T23:57:32-07:00,0,37
global.js,116,js,d25a8c84,Yixuan Xin,2025-04-24,23:57:32,-07:00,2025-04-24T23:57:32-07:00,0,4
global.js,117,js,d25a8c84,Yixuan Xin,2025-04-24,23:57:32,-07:00,2025-04-24T23:57:32-07:00,0,40
global.js,118,js,d25a8c84,Yixuan Xin,2025-04-24,23:57:32,-07:00,2025-04-24T23:57:32-07:00,0,33
global.js,119,js,d25a8c84,Yixuan Xin,2025-04-24,23:57:32,-07:00,2025-04-24T23:57:32-07:00,0,18
global.js,120,js,d25a8c84,Yixuan Xin,2025-04-24,23:57:32,-07:00,2025-04-24T23:57:32-07:00,0,67
global.js,121,js,d25a8c84,Yixuan Xin,2025-04-24,23:57:32,-07:00,2025-04-24T23:57:32-07:00,0,0
global.js,122,js,d25a8c84,Yixuan Xin,2025-04-24,23:57:32,-07:00,2025-04-24T23:57:32-07:00,0,34
global.js,123,js,d25a8c84,Yixuan Xin,2025-04-24,23:57:32,-07:00,2025-04-24T23:57:32-07:00,0,11
global.js,124,js,d25a8c84,Yixuan Xin,2025-04-24,23:57:32,-07:00,2025-04-24T23:57:32-07:00,0,16
global.js,125,js,d25a8c84,Yixuan Xin,2025-04-24,23:57:32,-07:00,2025-04-24T23:57:32-07:00,0,60
global.js,126,js,d25a8c84,Yixuan Xin,2025-04-24,23:57:32,-07:00,2025-04-24T23:57:32-07:00,0,0
global.js,127,js,d25a8c84,Yixuan Xin,2025-04-24,23:57:32,-07:00,2025-04-24T23:57:32-07:00,0,0
global.js,128,js,d25a8c84,Yixuan Xin,2025-04-24,23:57:32,-07:00,2025-04-24T23:57:32-07:00,0,0
global.js,129,js,d25a8c84,Yixuan Xin,2025-04-24,23:57:32,-07:00,2025-04-24T23:57:32-07:00,0,79
global.js,130,js,59cae40b,Yixuan Xin,2025-04-25,19:15:13,-07:00,2025-04-25T19:15:13-07:00,0,49
global.js,131,js,91ca281c,Yixuan Xin,2025-04-26,12:58:43,-07:00,2025-04-26T12:58:43-07:00,0,0
global.js,132,js,59cae40b,Yixuan Xin,2025-04-25,19:15:13,-07:00,2025-04-25T19:15:13-07:00,0,20
global.js,133,js,73c3c85b,Yixuan Xin,2025-04-30,20:25:06,-07:00,2025-04-30T20:25:06-07:00,0,50
global.js,134,js,73c3c85b,Yixuan Xin,2025-04-30,20:25:06,-07:00,2025-04-30T20:25:06-07:00,0,114
global.js,135,js,5e0627d0,Yixuan Xin,2025-04-30,20:12:41,-07:00,2025-04-30T20:12:41-07:00,0,28
global.js,136,js,be913d61,Yixuan Xin,2025-05-02,18:30:05,-07:00,2025-05-02T18:30:05-07:00,0,69
global.js,137,js,5e0627d0,Yixuan Xin,2025-04-30,20:12:41,-07:00,2025-04-30T20:12:41-07:00,0,95
global.js,138,js,5e0627d0,Yixuan Xin,2025-04-30,20:12:41,-07:00,2025-04-30T20:12:41-07:00,0,1
global.js,139,js,73c3c85b,Yixuan Xin,2025-04-30,20:25:06,-07:00,2025-04-30T20:25:06-07:00,0,0
global.js,140,js,59cae40b,Yixuan Xin,2025-04-25,19:15:13,-07:00,2025-04-25T19:15:13-07:00,0,37
global.js,141,js,0ea825b7,Yixuan Xin,2025-04-26,14:37:07,-07:00,2025-04-26T14:37:07-07:00,0,0
global.js,142,js,0ea825b7,Yixuan Xin,2025-04-26,14:37:07,-07:00,2025-04-26T14:37:07-07:00,0,0
global.js,143,js,0ea825b7,Yixuan Xin,2025-04-26,14:37:07,-07:00,2025-04-26T14:37:07-07:00,0,48
global.js,144,js,5e7a16b1,Yixuan Xin,2025-04-26,20:51:39,-07:00,2025-04-26T20:51:39-07:00,0,60
global.js,145,js,0ea825b7,Yixuan Xin,2025-04-26,14:37:07,-07:00,2025-04-26T14:37:07-07:00,0,0
global.js,146,js,5e7a16b1,Yixuan Xin,2025-04-26,20:51:39,-07:00,2025-04-26T20:51:39-07:00,0,0
projects/projects.js,1,js,501921b5,Yixuan Xin,2025-04-25,00:02:21,-07:00,2025-04-25T00:02:21-07:00,0,56
projects/projects.js,2,js,a016dbfc,Yixuan Xin,2025-04-30,20:59:20,-07:00,2025-04-30T20:59:20-07:00,0,64
projects/projects.js,3,js,d25a8c84,Yixuan Xin,2025-04-24,23:57:32,-07:00,2025-04-24T23:57:32-07:00,0,0
projects/projects.js,4,js,3122ec41,Yixuan Xin,2025-05-02,18:23:33,-07:00,2025-05-02T18:23:33-07:00,0,18
projects/projects.js,5,js,3122ec41,Yixuan Xin,2025-05-02,18:23:33,-07:00,2025-05-02T18:23:33-07:00,0,14
projects/projects.js,6,js,b4f666c0,Yixuan Xin,2025-05-02,21:22:06,-07:00,2025-05-02T21:22:06-07:00,0,22
projects/projects.js,7,js,b4f666c0,Yixuan Xin,2025-05-02,21:22:06,-07:00,2025-05-02T21:22:06-07:00,0,0
projects/projects.js,8,js,3122ec41,Yixuan Xin,2025-05-02,18:23:33,-07:00,2025-05-02T18:23:33-07:00,0,0
projects/projects.js,9,js,3122ec41,Yixuan Xin,2025-05-02,18:23:33,-07:00,2025-05-02T18:23:33-07:00,0,61
projects/projects.js,10,js,3122ec41,Yixuan Xin,2025-05-02,18:23:33,-07:00,2025-05-02T18:23:33-07:00,0,54
projects/projects.js,11,js,3122ec41,Yixuan Xin,2025-05-02,18:23:33,-07:00,2025-05-02T18:23:33-07:00,0,61
projects/projects.js,12,js,3122ec41,Yixuan Xin,2025-05-02,18:23:33,-07:00,2025-05-02T18:23:33-07:00,0,33
projects/projects.js,13,js,3122ec41,Yixuan Xin,2025-05-02,18:23:33,-07:00,2025-05-02T18:23:33-07:00,0,0
projects/projects.js,14,js,3122ec41,Yixuan Xin,2025-05-02,18:23:33,-07:00,2025-05-02T18:23:33-07:00,0,38
projects/projects.js,15,js,44e0a484,Yixuan Xin,2025-05-01,22:11:10,-07:00,2025-05-01T22:11:10-07:00,0,27
projects/projects.js,16,js,3122ec41,Yixuan Xin,2025-05-02,18:23:33,-07:00,2025-05-02T18:23:33-07:00,0,13
projects/projects.js,17,js,44e0a484,Yixuan Xin,2025-05-01,22:11:10,-07:00,2025-05-01T22:11:10-07:00,0,11
projects/projects.js,18,js,44e0a484,Yixuan Xin,2025-05-01,22:11:10,-07:00,2025-05-01T22:11:10-07:00,0,8
projects/projects.js,19,js,44e0a484,Yixuan Xin,2025-05-01,22:11:10,-07:00,2025-05-01T22:11:10-07:00,0,1
projects/projects.js,20,js,3122ec41,Yixuan Xin,2025-05-02,18:23:33,-07:00,2025-05-02T18:23:33-07:00,0,0
projects/projects.js,21,js,b9e4fad0,Yixuan Xin,2025-05-01,23:31:53,-07:00,2025-05-01T23:31:53-07:00,0,48
projects/projects.js,22,js,b9e4fad0,Yixuan Xin,2025-05-01,23:31:53,-07:00,2025-05-01T23:31:53-07:00,0,11
projects/projects.js,23,js,b9e4fad0,Yixuan Xin,2025-05-01,23:31:53,-07:00,2025-05-01T23:31:53-07:00,0,11
projects/projects.js,24,js,b9e4fad0,Yixuan Xin,2025-05-01,23:31:53,-07:00,2025-05-01T23:31:53-07:00,0,3
projects/projects.js,25,js,40bb20ad,Yixuan Xin,2025-05-02,21:35:58,-07:00,2025-05-02T21:35:58-07:00,0,9
projects/projects.js,26,js,40bb20ad,Yixuan Xin,2025-05-02,21:35:58,-07:00,2025-05-02T21:35:58-07:00,0,46
projects/projects.js,27,js,40bb20ad,Yixuan Xin,2025-05-02,21:35:58,-07:00,2025-05-02T21:35:58-07:00,0,0
projects/projects.js,28,js,b9e4fad0,Yixuan Xin,2025-05-01,23:31:53,-07:00,2025-05-01T23:31:53-07:00,0,50
projects/projects.js,29,js,408893cf,Yixuan Xin,2025-05-02,21:53:46,-07:00,2025-05-02T21:53:46-07:00,0,60
projects/projects.js,30,js,b9e4fad0,Yixuan Xin,2025-05-01,23:31:53,-07:00,2025-05-01T23:31:53-07:00,0,51
projects/projects.js,31,js,b9e4fad0,Yixuan Xin,2025-05-01,23:31:53,-07:00,2025-05-01T23:31:53-07:00,0,36
projects/projects.js,32,js,b9e4fad0,Yixuan Xin,2025-05-01,23:31:53,-07:00,2025-05-01T23:31:53-07:00,0,46
projects/projects.js,33,js,98766751,Yixuan Xin,2025-05-02,22:57:03,-07:00,2025-05-02T22:57:03-07:00,0,15
projects/projects.js,34,js,98766751,Yixuan Xin,2025-05-02,22:57:03,-07:00,2025-05-02T22:57:03-07:00,0,135
projects/projects.js,35,js,b4f666c0,Yixuan Xin,2025-05-02,21:22:06,-07:00,2025-05-02T21:22:06-07:00,0,27
projects/projects.js,36,js,3122ec41,Yixuan Xin,2025-05-02,18:23:33,-07:00,2025-05-02T18:23:33-07:00,0,30
projects/projects.js,37,js,98766751,Yixuan Xin,2025-05-02,22:57:03,-07:00,2025-05-02T22:57:03-07:00,0,24
projects/projects.js,38,js,98766751,Yixuan Xin,2025-05-02,22:57:03,-07:00,2025-05-02T22:57:03-07:00,0,53
projects/projects.js,39,js,98766751,Yixuan Xin,2025-05-02,22:57:03,-07:00,2025-05-02T22:57:03-07:00,0,0
projects/projects.js,40,js,b4f666c0,Yixuan Xin,2025-05-02,21:22:06,-07:00,2025-05-02T21:22:06-07:00,0,0
projects/projects.js,41,js,b4f666c0,Yixuan Xin,2025-05-02,21:22:06,-07:00,2025-05-02T21:22:06-07:00,0,25
projects/projects.js,42,js,98766751,Yixuan Xin,2025-05-02,22:57:03,-07:00,2025-05-02T22:57:03-07:00,0,0
projects/projects.js,43,js,b9e4fad0,Yixuan Xin,2025-05-01,23:31:53,-07:00,2025-05-01T23:31:53-07:00,0,14
projects/projects.js,44,js,b4f666c0,Yixuan Xin,2025-05-02,21:22:06,-07:00,2025-05-02T21:22:06-07:00,0,14
projects/projects.js,45,js,b4f666c0,Yixuan Xin,2025-05-02,21:22:06,-07:00,2025-05-02T21:22:06-07:00,0,23
projects/projects.js,46,js,b4f666c0,Yixuan Xin,2025-05-02,21:22:06,-07:00,2025-05-02T21:22:06-07:00,0,19
projects/projects.js,47,js,b4f666c0,Yixuan Xin,2025-05-02,21:22:06,-07:00,2025-05-02T21:22:06-07:00,0,36
projects/projects.js,48,js,b4f666c0,Yixuan Xin,2025-05-02,21:22:06,-07:00,2025-05-02T21:22:06-07:00,0,88
projects/projects.js,49,js,b4f666c0,Yixuan Xin,2025-05-02,21:22:06,-07:00,2025-05-02T21:22:06-07:00,0,0
projects/projects.js,50,js,b4f666c0,Yixuan Xin,2025-05-02,21:22:06,-07:00,2025-05-02T21:22:06-07:00,0,112
projects/projects.js,51,js,40bb20ad,Yixuan Xin,2025-05-02,21:35:58,-07:00,2025-05-02T21:35:58-07:00,0,36
projects/projects.js,52,js,40bb20ad,Yixuan Xin,2025-05-02,21:35:58,-07:00,2025-05-02T21:35:58-07:00,0,14
projects/projects.js,53,js,40bb20ad,Yixuan Xin,2025-05-02,21:35:58,-07:00,2025-05-02T21:35:58-07:00,0,65
projects/projects.js,54,js,40bb20ad,Yixuan Xin,2025-05-02,21:35:58,-07:00,2025-05-02T21:35:58-07:00,0,32
projects/projects.js,55,js,b4f666c0,Yixuan Xin,2025-05-02,21:22:06,-07:00,2025-05-02T21:22:06-07:00,0,2
projects/projects.js,56,js,408a51e6,Yixuan Xin,2025-05-07,22:25:15,-07:00,2025-05-07T22:25:15-07:00,0,0
projects/projects.js,57,js,44e0a484,Yixuan Xin,2025-05-01,22:11:10,-07:00,2025-05-01T22:11:10-07:00,0,2
projects/projects.js,58,js,d25a8c84,Yixuan Xin,2025-04-24,23:57:32,-07:00,2025-04-24T23:57:32-07:00,0,0
projects/projects.js,59,js,b9e4fad0,Yixuan Xin,2025-05-01,23:31:53,-07:00,2025-05-01T23:31:53-07:00,0,25
projects/projects.js,60,js,b9e4fad0,Yixuan Xin,2025-05-01,23:31:53,-07:00,2025-05-01T23:31:53-07:00,0,5
projects/projects.js,61,js,b9e4fad0,Yixuan Xin,2025-05-01,23:31:53,-07:00,2025-05-01T23:31:53-07:00,0,12
projects/projects.js,62,js,b9e4fad0,Yixuan Xin,2025-05-01,23:31:53,-07:00,2025-05-01T23:31:53-07:00,0,94
projects/projects.js,63,js,b9e4fad0,Yixuan Xin,2025-05-01,23:31:53,-07:00,2025-05-01T23:31:53-07:00,0,27
projects/projects.js,64,js,b9e4fad0,Yixuan Xin,2025-05-01,23:31:53,-07:00,2025-05-01T23:31:53-07:00,0,100
projects/projects.js,65,js,b9e4fad0,Yixuan Xin,2025-05-01,23:31:53,-07:00,2025-05-01T23:31:53-07:00,0,2
projects/projects.js,66,js,b9e4fad0,Yixuan Xin,2025-05-01,23:31:53,-07:00,2025-05-01T23:31:53-07:00,0,0
projects/projects.js,67,js,44e0a484,Yixuan Xin,2025-05-01,22:11:10,-07:00,2025-05-01T22:11:10-07:00,0,0
projects/projects.js,68,js,3122ec41,Yixuan Xin,2025-05-02,18:23:33,-07:00,2025-05-02T18:23:33-07:00,0,45
projects/projects.js,69,js,3122ec41,Yixuan Xin,2025-05-02,18:23:33,-07:00,2025-05-02T18:23:33-07:00,0,30
projects/projects.js,70,js,3122ec41,Yixuan Xin,2025-05-02,18:23:33,-07:00,2025-05-02T18:23:33-07:00,0,34
projects/projects.js,71,js,3122ec41,Yixuan Xin,2025-05-02,18:23:33,-07:00,2025-05-02T18:23:33-07:00,0,46
projects/projects.js,72,js,3122ec41,Yixuan Xin,2025-05-02,18:23:33,-07:00,2025-05-02T18:23:33-07:00,0,0
projects/projects.js,73,js,3122ec41,Yixuan Xin,2025-05-02,18:23:33,-07:00,2025-05-02T18:23:33-07:00,0,67
projects/projects.js,74,js,3122ec41,Yixuan Xin,2025-05-02,18:23:33,-07:00,2025-05-02T18:23:33-07:00,0,0
projects/projects.js,75,js,53212405,Yixuan Xin,2025-05-01,17:51:42,-07:00,2025-05-01T17:51:42-07:00,0,0
projects/projects.js,76,js,3122ec41,Yixuan Xin,2025-05-02,18:23:33,-07:00,2025-05-02T18:23:33-07:00,0,49
projects/projects.js,77,js,3122ec41,Yixuan Xin,2025-05-02,18:23:33,-07:00,2025-05-02T18:23:33-07:00,0,26
projects/projects.js,78,js,3122ec41,Yixuan Xin,2025-05-02,18:23:33,-07:00,2025-05-02T18:23:33-07:00,0,53
projects/projects.js,79,js,3122ec41,Yixuan Xin,2025-05-02,18:23:33,-07:00,2025-05-02T18:23:33-07:00,0,60
projects/projects.js,80,js,3122ec41,Yixuan Xin,2025-05-02,18:23:33,-07:00,2025-05-02T18:23:33-07:00,0,43
projects/projects.js,81,js,3122ec41,Yixuan Xin,2025-05-02,18:23:33,-07:00,2025-05-02T18:23:33-07:00,0,2
projects/projects.js,82,js,3122ec41,Yixuan Xin,2025-05-02,18:23:33,-07:00,2025-05-02T18:23:33-07:00,0,40
projects/projects.js,83,js,3122ec41,Yixuan Xin,2025-05-02,18:23:33,-07:00,2025-05-02T18:23:33-07:00,0,32
projects/projects.js,84,js,3122ec41,Yixuan Xin,2025-05-02,18:23:33,-07:00,2025-05-02T18:23:33-07:00,0,2
projects/projects.js,85,js,53212405,Yixuan Xin,2025-05-01,17:51:42,-07:00,2025-05-01T17:51:42-07:00,0,0
projects/projects.js,86,js,3122ec41,Yixuan Xin,2025-05-02,18:23:33,-07:00,2025-05-02T18:23:33-07:00,0,39
projects/projects.js,87,js,3122ec41,Yixuan Xin,2025-05-02,18:23:33,-07:00,2025-05-02T18:23:33-07:00,0,52
projects/projects.js,88,js,3122ec41,Yixuan Xin,2025-05-02,18:23:33,-07:00,2025-05-02T18:23:33-07:00,0,35
projects/projects.js,89,js,3122ec41,Yixuan Xin,2025-05-02,18:23:33,-07:00,2025-05-02T18:23:33-07:00,0,27
projects/projects.js,90,js,3122ec41,Yixuan Xin,2025-05-02,18:23:33,-07:00,2025-05-02T18:23:33-07:00,0,0
projects/projects.js,91,js,98766751,Yixuan Xin,2025-05-02,22:57:03,-07:00,2025-05-02T22:57:03-07:00,0,23
projects/index.html,1,html,34888ca7,Yixuan Xin,2025-04-11,17:15:36,-07:00,2025-04-11T17:15:36-07:00,0,14
projects/index.html,2,html,34888ca7,Yixuan Xin,2025-04-11,17:15:36,-07:00,2025-04-11T17:15:36-07:00,0,15
projects/index.html,3,html,34888ca7,Yixuan Xin,2025-04-11,17:15:36,-07:00,2025-04-11T17:15:36-07:00,0,5
projects/index.html,4,html,34888ca7,Yixuan Xin,2025-04-11,17:15:36,-07:00,2025-04-11T17:15:36-07:00,0,21
projects/index.html,5,html,34888ca7,Yixuan Xin,2025-04-11,17:15:36,-07:00,2025-04-11T17:15:36-07:00,0,69
projects/index.html,6,html,34888ca7,Yixuan Xin,2025-04-11,17:15:36,-07:00,2025-04-11T17:15:36-07:00,0,33
projects/index.html,7,html,5ee12bb2,Yixuan Xin,2025-04-16,22:16:05,-07:00,2025-04-16T22:16:05-07:00,0,42
projects/index.html,8,html,254ee1ad,Yixuan Xin,2025-04-30,21:46:21,-07:00,2025-04-30T21:46:21-07:00,0,48
projects/index.html,9,html,0e80fe0a,Yixuan Xin,2025-04-19,16:36:29,-07:00,2025-04-19T16:36:29-07:00,0,0
projects/index.html,10,html,fcef4ad1,Yixuan Xin,2025-04-18,17:40:59,-07:00,2025-04-18T17:40:59-07:00,0,0
projects/index.html,11,html,34888ca7,Yixuan Xin,2025-04-11,17:15:36,-07:00,2025-04-11T17:15:36-07:00,0,6
projects/index.html,12,html,34888ca7,Yixuan Xin,2025-04-11,17:15:36,-07:00,2025-04-11T17:15:36-07:00,0,5
projects/index.html,13,html,50211839,Yixuan Xin,2025-04-26,23:07:05,-07:00,2025-04-26T23:07:05-07:00,0,19
projects/index.html,14,html,7a3c4d21,Yixuan Xin,2025-05-01,23:37:27,-07:00,2025-05-01T23:37:27-07:00,0,22
projects/index.html,15,html,44e0a484,Yixuan Xin,2025-05-01,22:11:10,-07:00,2025-05-01T22:11:10-07:00,0,55
projects/index.html,16,html,b8c5ef46,Yixuan Xin,2025-05-01,23:42:01,-07:00,2025-05-01T23:42:01-07:00,0,23
projects/index.html,17,html,44e0a484,Yixuan Xin,2025-05-01,22:11:10,-07:00,2025-05-01T22:11:10-07:00,0,5
projects/index.html,18,html,3122ec41,Yixuan Xin,2025-05-02,18:23:33,-07:00,2025-05-02T18:23:33-07:00,0,0
projects/index.html,19,html,3122ec41,Yixuan Xin,2025-05-02,18:23:33,-07:00,2025-05-02T18:23:33-07:00,0,5
projects/index.html,20,html,3122ec41,Yixuan Xin,2025-05-02,18:23:33,-07:00,2025-05-02T18:23:33-07:00,0,16
projects/index.html,21,html,3122ec41,Yixuan Xin,2025-05-02,18:23:33,-07:00,2025-05-02T18:23:33-07:00,0,12
projects/index.html,22,html,3122ec41,Yixuan Xin,2025-05-02,18:23:33,-07:00,2025-05-02T18:23:33-07:00,0,27
projects/index.html,23,html,3122ec41,Yixuan Xin,2025-05-02,18:23:33,-07:00,2025-05-02T18:23:33-07:00,0,32
projects/index.html,24,html,3122ec41,Yixuan Xin,2025-05-02,18:23:33,-07:00,2025-05-02T18:23:33-07:00,0,1
projects/index.html,25,html,3122ec41,Yixuan Xin,2025-05-02,18:23:33,-07:00,2025-05-02T18:23:33-07:00,0,0
projects/index.html,26,html,7a3c4d21,Yixuan Xin,2025-05-01,23:37:27,-07:00,2025-05-01T23:37:27-07:00,0,25
projects/index.html,27,html,e252e300,Yixuan Xin,2025-04-26,13:11:03,-07:00,2025-04-26T13:11:03-07:00,0,21
projects/index.html,28,html,b068021d,Yixuan Xin,2025-04-12,22:42:06,-07:00,2025-04-12T22:42:06-07:00,0,28
projects/index.html,29,html,b068021d,Yixuan Xin,2025-04-12,22:42:06,-07:00,2025-04-12T22:42:06-07:00,0,8
projects/index.html,30,html,b068021d,Yixuan Xin,2025-04-12,22:42:06,-07:00,2025-04-12T22:42:06-07:00,0,13
projects/index.html,31,html,e252e300,Yixuan Xin,2025-04-26,13:11:03,-07:00,2025-04-26T13:11:03-07:00,0,66
projects/index.html,32,html,e252e300,Yixuan Xin,2025-04-26,13:11:03,-07:00,2025-04-26T13:11:03-07:00,0,67
projects/index.html,33,html,b068021d,Yixuan Xin,2025-04-12,22:42:06,-07:00,2025-04-12T22:42:06-07:00,0,4
projects/index.html,34,html,b068021d,Yixuan Xin,2025-04-12,22:42:06,-07:00,2025-04-12T22:42:06-07:00,0,33
projects/index.html,35,html,b068021d,Yixuan Xin,2025-04-12,22:42:06,-07:00,2025-04-12T22:42:06-07:00,0,3
projects/index.html,36,html,b068021d,Yixuan Xin,2025-04-12,22:42:06,-07:00,2025-04-12T22:42:06-07:00,0,3
projects/index.html,37,html,b068021d,Yixuan Xin,2025-04-12,22:42:06,-07:00,2025-04-12T22:42:06-07:00,0,183
projects/index.html,38,html,b068021d,Yixuan Xin,2025-04-12,22:42:06,-07:00,2025-04-12T22:42:06-07:00,0,4
projects/index.html,39,html,b068021d,Yixuan Xin,2025-04-12,22:42:06,-07:00,2025-04-12T22:42:06-07:00,0,3
projects/index.html,40,html,b068021d,Yixuan Xin,2025-04-12,22:42:06,-07:00,2025-04-12T22:42:06-07:00,0,257
projects/index.html,41,html,b068021d,Yixuan Xin,2025-04-12,22:42:06,-07:00,2025-04-12T22:42:06-07:00,0,4
projects/index.html,42,html,b068021d,Yixuan Xin,2025-04-12,22:42:06,-07:00,2025-04-12T22:42:06-07:00,0,4
projects/index.html,43,html,b068021d,Yixuan Xin,2025-04-12,22:42:06,-07:00,2025-04-12T22:42:06-07:00,0,9
projects/index.html,44,html,b068021d,Yixuan Xin,2025-04-12,22:42:06,-07:00,2025-04-12T22:42:06-07:00,0,0
projects/index.html,45,html,b068021d,Yixuan Xin,2025-04-12,22:42:06,-07:00,2025-04-12T22:42:06-07:00,0,8
projects/index.html,46,html,b068021d,Yixuan Xin,2025-04-12,22:42:06,-07:00,2025-04-12T22:42:06-07:00,0,49
projects/index.html,47,html,e252e300,Yixuan Xin,2025-04-26,13:11:03,-07:00,2025-04-26T13:11:03-07:00,0,87
projects/index.html,48,html,e252e300,Yixuan Xin,2025-04-26,13:11:03,-07:00,2025-04-26T13:11:03-07:00,0,59
projects/index.html,49,html,b068021d,Yixuan Xin,2025-04-12,22:42:06,-07:00,2025-04-12T22:42:06-07:00,0,4
projects/index.html,50,html,b068021d,Yixuan Xin,2025-04-12,22:42:06,-07:00,2025-04-12T22:42:06-07:00,0,3
projects/index.html,51,html,b068021d,Yixuan Xin,2025-04-12,22:42:06,-07:00,2025-04-12T22:42:06-07:00,0,3
projects/index.html,52,html,b068021d,Yixuan Xin,2025-04-12,22:42:06,-07:00,2025-04-12T22:42:06-07:00,0,178
projects/index.html,53,html,b068021d,Yixuan Xin,2025-04-12,22:42:06,-07:00,2025-04-12T22:42:06-07:00,0,4
projects/index.html,54,html,b068021d,Yixuan Xin,2025-04-12,22:42:06,-07:00,2025-04-12T22:42:06-07:00,0,3
projects/index.html,55,html,b068021d,Yixuan Xin,2025-04-12,22:42:06,-07:00,2025-04-12T22:42:06-07:00,0,134
projects/index.html,56,html,b068021d,Yixuan Xin,2025-04-12,22:42:06,-07:00,2025-04-12T22:42:06-07:00,0,4
projects/index.html,57,html,b068021d,Yixuan Xin,2025-04-12,22:42:06,-07:00,2025-04-12T22:42:06-07:00,0,4
projects/index.html,58,html,b068021d,Yixuan Xin,2025-04-12,22:42:06,-07:00,2025-04-12T22:42:06-07:00,0,9
projects/index.html,59,html,b068021d,Yixuan Xin,2025-04-12,22:42:06,-07:00,2025-04-12T22:42:06-07:00,0,0
projects/index.html,60,html,b068021d,Yixuan Xin,2025-04-12,22:42:06,-07:00,2025-04-12T22:42:06-07:00,0,8
projects/index.html,61,html,b068021d,Yixuan Xin,2025-04-12,22:42:06,-07:00,2025-04-12T22:42:06-07:00,0,19
projects/index.html,62,html,e252e300,Yixuan Xin,2025-04-26,13:11:03,-07:00,2025-04-26T13:11:03-07:00,0,84
projects/index.html,63,html,b068021d,Yixuan Xin,2025-04-12,22:42:06,-07:00,2025-04-12T22:42:06-07:00,0,4
projects/index.html,64,html,b068021d,Yixuan Xin,2025-04-12,22:42:06,-07:00,2025-04-12T22:42:06-07:00,0,3
projects/index.html,65,html,b068021d,Yixuan Xin,2025-04-12,22:42:06,-07:00,2025-04-12T22:42:06-07:00,0,3
projects/index.html,66,html,b068021d,Yixuan Xin,2025-04-12,22:42:06,-07:00,2025-04-12T22:42:06-07:00,0,83
projects/index.html,67,html,b068021d,Yixuan Xin,2025-04-12,22:42:06,-07:00,2025-04-12T22:42:06-07:00,0,4
projects/index.html,68,html,b068021d,Yixuan Xin,2025-04-12,22:42:06,-07:00,2025-04-12T22:42:06-07:00,0,3
projects/index.html,69,html,b068021d,Yixuan Xin,2025-04-12,22:42:06,-07:00,2025-04-12T22:42:06-07:00,0,86
projects/index.html,70,html,b068021d,Yixuan Xin,2025-04-12,22:42:06,-07:00,2025-04-12T22:42:06-07:00,0,4
projects/index.html,71,html,b068021d,Yixuan Xin,2025-04-12,22:42:06,-07:00,2025-04-12T22:42:06-07:00,0,4
projects/index.html,72,html,b068021d,Yixuan Xin,2025-04-12,22:42:06,-07:00,2025-04-12T22:42:06-07:00,0,9
projects/index.html,73,html,b068021d,Yixuan Xin,2025-04-12,22:42:06,-07:00,2025-04-12T22:42:06-07:00,0,0
projects/index.html,74,html,b068021d,Yixuan Xin,2025-04-12,22:42:06,-07:00,2025-04-12T22:42:06-07:00,0,8
projects/index.html,75,html,b068021d,Yixuan Xin,2025-04-12,22:42:06,-07:00,2025-04-12T22:42:06-07:00,0,43
projects/index.html,76,html,e252e300,Yixuan Xin,2025-04-26,13:11:03,-07:00,2025-04-26T13:11:03-07:00,0,95
projects/index.html,77,html,b068021d,Yixuan Xin,2025-04-12,22:42:06,-07:00,2025-04-12T22:42:06-07:00,0,4
projects/index.html,78,html,b068021d,Yixuan Xin,2025-04-12,22:42:06,-07:00,2025-04-12T22:42:06-07:00,0,3
projects/index.html,79,html,b068021d,Yixuan Xin,2025-04-12,22:42:06,-07:00,2025-04-12T22:42:06-07:00,0,3
projects/index.html,80,html,b068021d,Yixuan Xin,2025-04-12,22:42:06,-07:00,2025-04-12T22:42:06-07:00,0,143
projects/index.html,81,html,b068021d,Yixuan Xin,2025-04-12,22:42:06,-07:00,2025-04-12T22:42:06-07:00,0,4
projects/index.html,82,html,b068021d,Yixuan Xin,2025-04-12,22:42:06,-07:00,2025-04-12T22:42:06-07:00,0,4
projects/index.html,83,html,b068021d,Yixuan Xin,2025-04-12,22:42:06,-07:00,2025-04-12T22:42:06-07:00,0,9
projects/index.html,84,html,28f6f461,Yixuan Xin,2025-04-26,21:36:51,-07:00,2025-04-26T21:36:51-07:00,0,8
projects/index.html,85,html,28f6f461,Yixuan Xin,2025-04-26,21:36:51,-07:00,2025-04-26T21:36:51-07:00,0,21
projects/index.html,86,html,28f6f461,Yixuan Xin,2025-04-26,21:36:51,-07:00,2025-04-26T21:36:51-07:00,0,135
projects/index.html,87,html,28f6f461,Yixuan Xin,2025-04-26,21:36:51,-07:00,2025-04-26T21:36:51-07:00,0,4
projects/index.html,88,html,28f6f461,Yixuan Xin,2025-04-26,21:36:51,-07:00,2025-04-26T21:36:51-07:00,0,3
projects/index.html,89,html,28f6f461,Yixuan Xin,2025-04-26,21:36:51,-07:00,2025-04-26T21:36:51-07:00,0,3
projects/index.html,90,html,28f6f461,Yixuan Xin,2025-04-26,21:36:51,-07:00,2025-04-26T21:36:51-07:00,0,135
projects/index.html,91,html,28f6f461,Yixuan Xin,2025-04-26,21:36:51,-07:00,2025-04-26T21:36:51-07:00,0,127
projects/index.html,92,html,28f6f461,Yixuan Xin,2025-04-26,21:36:51,-07:00,2025-04-26T21:36:51-07:00,0,4
projects/index.html,93,html,28f6f461,Yixuan Xin,2025-04-26,21:36:51,-07:00,2025-04-26T21:36:51-07:00,0,4
projects/index.html,94,html,28f6f461,Yixuan Xin,2025-04-26,21:36:51,-07:00,2025-04-26T21:36:51-07:00,0,9
projects/index.html,95,html,28f6f461,Yixuan Xin,2025-04-26,21:36:51,-07:00,2025-04-26T21:36:51-07:00,0,8
projects/index.html,96,html,28f6f461,Yixuan Xin,2025-04-26,21:36:51,-07:00,2025-04-26T21:36:51-07:00,0,31
projects/index.html,97,html,28f6f461,Yixuan Xin,2025-04-26,21:36:51,-07:00,2025-04-26T21:36:51-07:00,0,4
projects/index.html,98,html,28f6f461,Yixuan Xin,2025-04-26,21:36:51,-07:00,2025-04-26T21:36:51-07:00,0,3
projects/index.html,99,html,28f6f461,Yixuan Xin,2025-04-26,21:36:51,-07:00,2025-04-26T21:36:51-07:00,0,3
projects/index.html,100,html,28f6f461,Yixuan Xin,2025-04-26,21:36:51,-07:00,2025-04-26T21:36:51-07:00,0,166
projects/index.html,101,html,28f6f461,Yixuan Xin,2025-04-26,21:36:51,-07:00,2025-04-26T21:36:51-07:00,0,162
projects/index.html,102,html,28f6f461,Yixuan Xin,2025-04-26,21:36:51,-07:00,2025-04-26T21:36:51-07:00,0,28
projects/index.html,103,html,28f6f461,Yixuan Xin,2025-04-26,21:36:51,-07:00,2025-04-26T21:36:51-07:00,0,4
projects/index.html,104,html,28f6f461,Yixuan Xin,2025-04-26,21:36:51,-07:00,2025-04-26T21:36:51-07:00,0,4
projects/index.html,105,html,28f6f461,Yixuan Xin,2025-04-26,21:36:51,-07:00,2025-04-26T21:36:51-07:00,0,9
projects/index.html,106,html,e252e300,Yixuan Xin,2025-04-26,13:11:03,-07:00,2025-04-26T13:11:03-07:00,0,5
projects/index.html,107,html,501921b5,Yixuan Xin,2025-04-25,00:02:21,-07:00,2025-04-25T00:02:21-07:00,0,25
projects/index.html,108,html,d25a8c84,Yixuan Xin,2025-04-24,23:57:32,-07:00,2025-04-24T23:57:32-07:00,0,48
projects/index.html,109,html,7feec8af,Yixuan Xin,2025-04-30,20:41:46,-07:00,2025-04-30T20:41:46-07:00,0,0
projects/index.html,110,html,7feec8af,Yixuan Xin,2025-04-30,20:41:46,-07:00,2025-04-30T20:41:46-07:00,0,0
projects/index.html,111,html,34888ca7,Yixuan Xin,2025-04-11,17:15:36,-07:00,2025-04-11T17:15:36-07:00,0,6
projects/index.html,112,html,34888ca7,Yixuan Xin,2025-04-11,17:15:36,-07:00,2025-04-11T17:15:36-07:00,0,6
meta/index.html,1,html,408a51e6,Yixuan Xin,2025-05-07,22:25:15,-07:00,2025-05-07T22:25:15-07:00,0,14
meta/index.html,2,html,408a51e6,Yixuan Xin,2025-05-07,22:25:15,-07:00,2025-05-07T22:25:15-07:00,0,15
meta/index.html,3,html,408a51e6,Yixuan Xin,2025-05-07,22:25:15,-07:00,2025-05-07T22:25:15-07:00,0,5
meta/index.html,4,html,408a51e6,Yixuan Xin,2025-05-07,22:25:15,-07:00,2025-05-07T22:25:15-07:00,0,21
meta/index.html,5,html,408a51e6,Yixuan Xin,2025-05-07,22:25:15,-07:00,2025-05-07T22:25:15-07:00,0,69
meta/index.html,6,html,408a51e6,Yixuan Xin,2025-05-07,22:25:15,-07:00,2025-05-07T22:25:15-07:00,0,18
meta/index.html,7,html,408a51e6,Yixuan Xin,2025-05-07,22:25:15,-07:00,2025-05-07T22:25:15-07:00,0,6
meta/index.html,8,html,408a51e6,Yixuan Xin,2025-05-07,22:25:15,-07:00,2025-05-07T22:25:15-07:00,0,5
meta/index.html,9,html,408a51e6,Yixuan Xin,2025-05-07,22:25:15,-07:00,2025-05-07T22:25:15-07:00,0,55
meta/index.html,10,html,408a51e6,Yixuan Xin,2025-05-07,22:25:15,-07:00,2025-05-07T22:25:15-07:00,0,0
meta/index.html,11,html,408a51e6,Yixuan Xin,2025-05-07,22:25:15,-07:00,2025-05-07T22:25:15-07:00,0,6
meta/index.html,12,html,408a51e6,Yixuan Xin,2025-05-07,22:25:15,-07:00,2025-05-07T22:25:15-07:00,0,6
cv/index.html,1,html,b61df218,Yixuan Xin,2025-04-12,22:08:57,-07:00,2025-04-12T22:08:57-07:00,0,14
cv/index.html,2,html,b61df218,Yixuan Xin,2025-04-12,22:08:57,-07:00,2025-04-12T22:08:57-07:00,0,15
cv/index.html,3,html,b61df218,Yixuan Xin,2025-04-12,22:08:57,-07:00,2025-04-12T22:08:57-07:00,0,5
cv/index.html,4,html,b61df218,Yixuan Xin,2025-04-12,22:08:57,-07:00,2025-04-12T22:08:57-07:00,0,21
cv/index.html,5,html,b61df218,Yixuan Xin,2025-04-12,22:08:57,-07:00,2025-04-12T22:08:57-07:00,0,69
cv/index.html,6,html,b61df218,Yixuan Xin,2025-04-12,22:08:57,-07:00,2025-04-12T22:08:57-07:00,0,29
cv/index.html,7,html,5ee12bb2,Yixuan Xin,2025-04-16,22:16:05,-07:00,2025-04-16T22:16:05-07:00,0,42
cv/index.html,8,html,0e80fe0a,Yixuan Xin,2025-04-19,16:36:29,-07:00,2025-04-19T16:36:29-07:00,0,49
cv/index.html,9,html,0e80fe0a,Yixuan Xin,2025-04-19,16:36:29,-07:00,2025-04-19T16:36:29-07:00,0,0
cv/index.html,10,html,fcef4ad1,Yixuan Xin,2025-04-18,17:40:59,-07:00,2025-04-18T17:40:59-07:00,0,0
cv/index.html,11,html,b61df218,Yixuan Xin,2025-04-12,22:08:57,-07:00,2025-04-12T22:08:57-07:00,0,6
cv/index.html,12,html,b61df218,Yixuan Xin,2025-04-12,22:08:57,-07:00,2025-04-12T22:08:57-07:00,0,5
cv/index.html,13,html,b61df218,Yixuan Xin,2025-04-12,22:08:57,-07:00,2025-04-12T22:08:57-07:00,0,25
cv/index.html,14,html,db1c79e5,Yixuan Xin,2025-04-15,18:58:47,-07:00,2025-04-15T18:58:47-07:00,0,23
cv/index.html,15,html,b61df218,Yixuan Xin,2025-04-12,22:08:57,-07:00,2025-04-12T22:08:57-07:00,0,17
cv/index.html,16,html,b61df218,Yixuan Xin,2025-04-12,22:08:57,-07:00,2025-04-12T22:08:57-07:00,0,8
cv/index.html,17,html,b61df218,Yixuan Xin,2025-04-12,22:08:57,-07:00,2025-04-12T22:08:57-07:00,0,3
cv/index.html,18,html,b61df218,Yixuan Xin,2025-04-12,22:08:57,-07:00,2025-04-12T22:08:57-07:00,0,34
cv/index.html,19,html,b61df218,Yixuan Xin,2025-04-12,22:08:57,-07:00,2025-04-12T22:08:57-07:00,0,55
cv/index.html,20,html,b61df218,Yixuan Xin,2025-04-12,22:08:57,-07:00,2025-04-12T22:08:57-07:00,0,4
cv/index.html,21,html,b61df218,Yixuan Xin,2025-04-12,22:08:57,-07:00,2025-04-12T22:08:57-07:00,0,99
cv/index.html,22,html,b61df218,Yixuan Xin,2025-04-12,22:08:57,-07:00,2025-04-12T22:08:57-07:00,0,67
cv/index.html,23,html,b61df218,Yixuan Xin,2025-04-12,22:08:57,-07:00,2025-04-12T22:08:57-07:00,0,33
cv/index.html,24,html,b61df218,Yixuan Xin,2025-04-12,22:08:57,-07:00,2025-04-12T22:08:57-07:00,0,39
cv/index.html,25,html,b61df218,Yixuan Xin,2025-04-12,22:08:57,-07:00,2025-04-12T22:08:57-07:00,0,3
cv/index.html,26,html,b61df218,Yixuan Xin,2025-04-12,22:08:57,-07:00,2025-04-12T22:08:57-07:00,0,3
cv/index.html,27,html,b61df218,Yixuan Xin,2025-04-12,22:08:57,-07:00,2025-04-12T22:08:57-07:00,0,29
cv/index.html,28,html,b61df218,Yixuan Xin,2025-04-12,22:08:57,-07:00,2025-04-12T22:08:57-07:00,0,89
cv/index.html,29,html,b61df218,Yixuan Xin,2025-04-12,22:08:57,-07:00,2025-04-12T22:08:57-07:00,0,89
cv/index.html,30,html,b61df218,Yixuan Xin,2025-04-12,22:08:57,-07:00,2025-04-12T22:08:57-07:00,0,4
cv/index.html,31,html,b61df218,Yixuan Xin,2025-04-12,22:08:57,-07:00,2025-04-12T22:08:57-07:00,0,3
cv/index.html,32,html,b61df218,Yixuan Xin,2025-04-12,22:08:57,-07:00,2025-04-12T22:08:57-07:00,0,29
cv/index.html,33,html,b61df218,Yixuan Xin,2025-04-12,22:08:57,-07:00,2025-04-12T22:08:57-07:00,0,80
cv/index.html,34,html,b61df218,Yixuan Xin,2025-04-12,22:08:57,-07:00,2025-04-12T22:08:57-07:00,0,72
cv/index.html,35,html,b61df218,Yixuan Xin,2025-04-12,22:08:57,-07:00,2025-04-12T22:08:57-07:00,0,4
cv/index.html,36,html,b61df218,Yixuan Xin,2025-04-12,22:08:57,-07:00,2025-04-12T22:08:57-07:00,0,4
cv/index.html,37,html,b61df218,Yixuan Xin,2025-04-12,22:08:57,-07:00,2025-04-12T22:08:57-07:00,0,9
cv/index.html,38,html,b61df218,Yixuan Xin,2025-04-12,22:08:57,-07:00,2025-04-12T22:08:57-07:00,0,9
cv/index.html,39,html,b61df218,Yixuan Xin,2025-04-12,22:08:57,-07:00,2025-04-12T22:08:57-07:00,0,0
cv/index.html,40,html,c64fc75e,Yixuan Xin,2025-04-26,15:05:59,-07:00,2025-04-26T15:05:59-07:00,0,8
cv/index.html,41,html,c64fc75e,Yixuan Xin,2025-04-26,15:05:59,-07:00,2025-04-26T15:05:59-07:00,0,23
cv/index.html,42,html,c64fc75e,Yixuan Xin,2025-04-26,15:05:59,-07:00,2025-04-26T15:05:59-07:00,0,8
cv/index.html,43,html,c64fc75e,Yixuan Xin,2025-04-26,15:05:59,-07:00,2025-04-26T15:05:59-07:00,0,55
cv/index.html,44,html,c64fc75e,Yixuan Xin,2025-04-26,15:05:59,-07:00,2025-04-26T15:05:59-07:00,0,72
cv/index.html,45,html,c64fc75e,Yixuan Xin,2025-04-26,15:05:59,-07:00,2025-04-26T15:05:59-07:00,0,4
cv/index.html,46,html,c64fc75e,Yixuan Xin,2025-04-26,15:05:59,-07:00,2025-04-26T15:05:59-07:00,0,81
cv/index.html,47,html,c64fc75e,Yixuan Xin,2025-04-26,15:05:59,-07:00,2025-04-26T15:05:59-07:00,0,3
cv/index.html,48,html,c64fc75e,Yixuan Xin,2025-04-26,15:05:59,-07:00,2025-04-26T15:05:59-07:00,0,3
cv/index.html,49,html,c64fc75e,Yixuan Xin,2025-04-26,15:05:59,-07:00,2025-04-26T15:05:59-07:00,0,190
cv/index.html,50,html,c64fc75e,Yixuan Xin,2025-04-26,15:05:59,-07:00,2025-04-26T15:05:59-07:00,0,4
cv/index.html,51,html,c64fc75e,Yixuan Xin,2025-04-26,15:05:59,-07:00,2025-04-26T15:05:59-07:00,0,3
cv/index.html,52,html,c64fc75e,Yixuan Xin,2025-04-26,15:05:59,-07:00,2025-04-26T15:05:59-07:00,0,174
cv/index.html,53,html,c64fc75e,Yixuan Xin,2025-04-26,15:05:59,-07:00,2025-04-26T15:05:59-07:00,0,4
cv/index.html,54,html,c64fc75e,Yixuan Xin,2025-04-26,15:05:59,-07:00,2025-04-26T15:05:59-07:00,0,4
cv/index.html,55,html,c64fc75e,Yixuan Xin,2025-04-26,15:05:59,-07:00,2025-04-26T15:05:59-07:00,0,9
cv/index.html,56,html,c64fc75e,Yixuan Xin,2025-04-26,15:05:59,-07:00,2025-04-26T15:05:59-07:00,0,0
cv/index.html,57,html,c64fc75e,Yixuan Xin,2025-04-26,15:05:59,-07:00,2025-04-26T15:05:59-07:00,0,8
cv/index.html,58,html,c64fc75e,Yixuan Xin,2025-04-26,15:05:59,-07:00,2025-04-26T15:05:59-07:00,0,38
cv/index.html,59,html,c64fc75e,Yixuan Xin,2025-04-26,15:05:59,-07:00,2025-04-26T15:05:59-07:00,0,71
cv/index.html,60,html,c64fc75e,Yixuan Xin,2025-04-26,15:05:59,-07:00,2025-04-26T15:05:59-07:00,0,4
cv/index.html,61,html,c64fc75e,Yixuan Xin,2025-04-26,15:05:59,-07:00,2025-04-26T15:05:59-07:00,0,47
cv/index.html,62,html,c64fc75e,Yixuan Xin,2025-04-26,15:05:59,-07:00,2025-04-26T15:05:59-07:00,0,3
cv/index.html,63,html,c64fc75e,Yixuan Xin,2025-04-26,15:05:59,-07:00,2025-04-26T15:05:59-07:00,0,145
cv/index.html,64,html,c64fc75e,Yixuan Xin,2025-04-26,15:05:59,-07:00,2025-04-26T15:05:59-07:00,0,170
cv/index.html,65,html,c64fc75e,Yixuan Xin,2025-04-26,15:05:59,-07:00,2025-04-26T15:05:59-07:00,0,4
cv/index.html,66,html,c64fc75e,Yixuan Xin,2025-04-26,15:05:59,-07:00,2025-04-26T15:05:59-07:00,0,9
cv/index.html,67,html,c64fc75e,Yixuan Xin,2025-04-26,15:05:59,-07:00,2025-04-26T15:05:59-07:00,0,9
cv/index.html,68,html,c64fc75e,Yixuan Xin,2025-04-26,15:05:59,-07:00,2025-04-26T15:05:59-07:00,0,0
cv/index.html,69,html,c64fc75e,Yixuan Xin,2025-04-26,15:05:59,-07:00,2025-04-26T15:05:59-07:00,0,8
cv/index.html,70,html,c64fc75e,Yixuan Xin,2025-04-26,15:05:59,-07:00,2025-04-26T15:05:59-07:00,0,24
cv/index.html,71,html,c64fc75e,Yixuan Xin,2025-04-26,15:05:59,-07:00,2025-04-26T15:05:59-07:00,0,8
cv/index.html,72,html,c64fc75e,Yixuan Xin,2025-04-26,15:05:59,-07:00,2025-04-26T15:05:59-07:00,0,21
cv/index.html,73,html,c64fc75e,Yixuan Xin,2025-04-26,15:05:59,-07:00,2025-04-26T15:05:59-07:00,0,56
cv/index.html,74,html,c64fc75e,Yixuan Xin,2025-04-26,15:05:59,-07:00,2025-04-26T15:05:59-07:00,0,4
cv/index.html,75,html,c64fc75e,Yixuan Xin,2025-04-26,15:05:59,-07:00,2025-04-26T15:05:59-07:00,0,22
cv/index.html,76,html,c64fc75e,Yixuan Xin,2025-04-26,15:05:59,-07:00,2025-04-26T15:05:59-07:00,0,3
cv/index.html,77,html,c64fc75e,Yixuan Xin,2025-04-26,15:05:59,-07:00,2025-04-26T15:05:59-07:00,0,130
cv/index.html,78,html,c64fc75e,Yixuan Xin,2025-04-26,15:05:59,-07:00,2025-04-26T15:05:59-07:00,0,144
cv/index.html,79,html,c64fc75e,Yixuan Xin,2025-04-26,15:05:59,-07:00,2025-04-26T15:05:59-07:00,0,136
cv/index.html,80,html,c64fc75e,Yixuan Xin,2025-04-26,15:05:59,-07:00,2025-04-26T15:05:59-07:00,0,4
cv/index.html,81,html,c64fc75e,Yixuan Xin,2025-04-26,15:05:59,-07:00,2025-04-26T15:05:59-07:00,0,9
cv/index.html,82,html,c64fc75e,Yixuan Xin,2025-04-26,15:05:59,-07:00,2025-04-26T15:05:59-07:00,0,0
cv/index.html,83,html,c64fc75e,Yixuan Xin,2025-04-26,15:05:59,-07:00,2025-04-26T15:05:59-07:00,0,8
cv/index.html,84,html,c64fc75e,Yixuan Xin,2025-04-26,15:05:59,-07:00,2025-04-26T15:05:59-07:00,0,32
cv/index.html,85,html,c64fc75e,Yixuan Xin,2025-04-26,15:05:59,-07:00,2025-04-26T15:05:59-07:00,0,54
cv/index.html,86,html,c64fc75e,Yixuan Xin,2025-04-26,15:05:59,-07:00,2025-04-26T15:05:59-07:00,0,4
cv/index.html,87,html,c64fc75e,Yixuan Xin,2025-04-26,15:05:59,-07:00,2025-04-26T15:05:59-07:00,0,26
cv/index.html,88,html,c64fc75e,Yixuan Xin,2025-04-26,15:05:59,-07:00,2025-04-26T15:05:59-07:00,0,3
cv/index.html,89,html,c64fc75e,Yixuan Xin,2025-04-26,15:05:59,-07:00,2025-04-26T15:05:59-07:00,0,95
cv/index.html,90,html,c64fc75e,Yixuan Xin,2025-04-26,15:05:59,-07:00,2025-04-26T15:05:59-07:00,0,98
cv/index.html,91,html,c64fc75e,Yixuan Xin,2025-04-26,15:05:59,-07:00,2025-04-26T15:05:59-07:00,0,4
cv/index.html,92,html,c64fc75e,Yixuan Xin,2025-04-26,15:05:59,-07:00,2025-04-26T15:05:59-07:00,0,9
cv/index.html,93,html,c64fc75e,Yixuan Xin,2025-04-26,15:05:59,-07:00,2025-04-26T15:05:59-07:00,0,0
cv/index.html,94,html,c64fc75e,Yixuan Xin,2025-04-26,15:05:59,-07:00,2025-04-26T15:05:59-07:00,0,8
cv/index.html,95,html,c64fc75e,Yixuan Xin,2025-04-26,15:05:59,-07:00,2025-04-26T15:05:59-07:00,0,26
cv/index.html,96,html,c64fc75e,Yixuan Xin,2025-04-26,15:05:59,-07:00,2025-04-26T15:05:59-07:00,0,54
cv/index.html,97,html,c64fc75e,Yixuan Xin,2025-04-26,15:05:59,-07:00,2025-04-26T15:05:59-07:00,0,4
cv/index.html,98,html,c64fc75e,Yixuan Xin,2025-04-26,15:05:59,-07:00,2025-04-26T15:05:59-07:00,0,27
cv/index.html,99,html,c64fc75e,Yixuan Xin,2025-04-26,15:05:59,-07:00,2025-04-26T15:05:59-07:00,0,3
cv/index.html,100,html,c64fc75e,Yixuan Xin,2025-04-26,15:05:59,-07:00,2025-04-26T15:05:59-07:00,0,166
cv/index.html,101,html,c64fc75e,Yixuan Xin,2025-04-26,15:05:59,-07:00,2025-04-26T15:05:59-07:00,0,4
cv/index.html,102,html,c64fc75e,Yixuan Xin,2025-04-26,15:05:59,-07:00,2025-04-26T15:05:59-07:00,0,9
cv/index.html,103,html,c64fc75e,Yixuan Xin,2025-04-26,15:05:59,-07:00,2025-04-26T15:05:59-07:00,0,9
cv/index.html,104,html,c64fc75e,Yixuan Xin,2025-04-26,15:05:59,-07:00,2025-04-26T15:05:59-07:00,0,0
cv/index.html,105,html,b61df218,Yixuan Xin,2025-04-12,22:08:57,-07:00,2025-04-12T22:08:57-07:00,0,8
cv/index.html,106,html,b61df218,Yixuan Xin,2025-04-12,22:08:57,-07:00,2025-04-12T22:08:57-07:00,0,28
cv/index.html,107,html,b61df218,Yixuan Xin,2025-04-12,22:08:57,-07:00,2025-04-12T22:08:57-07:00,0,8
cv/index.html,108,html,67f455f2,Yixuan Xin,2025-04-12,22:50:27,-07:00,2025-04-12T22:50:27-07:00,0,3
cv/index.html,109,html,67f455f2,Yixuan Xin,2025-04-12,22:50:27,-07:00,2025-04-12T22:50:27-07:00,0,9
cv/index.html,110,html,67f455f2,Yixuan Xin,2025-04-12,22:50:27,-07:00,2025-04-12T22:50:27-07:00,0,66
cv/index.html,111,html,67f455f2,Yixuan Xin,2025-04-12,22:50:27,-07:00,2025-04-12T22:50:27-07:00,0,67
cv/index.html,112,html,b61df218,Yixuan Xin,2025-04-12,22:08:57,-07:00,2025-04-12T22:08:57-07:00,0,4
cv/index.html,113,html,67f455f2,Yixuan Xin,2025-04-12,22:50:27,-07:00,2025-04-12T22:50:27-07:00,0,0
cv/index.html,114,html,b61df218,Yixuan Xin,2025-04-12,22:08:57,-07:00,2025-04-12T22:08:57-07:00,0,33
cv/index.html,115,html,b61df218,Yixuan Xin,2025-04-12,22:08:57,-07:00,2025-04-12T22:08:57-07:00,0,3
cv/index.html,116,html,b61df218,Yixuan Xin,2025-04-12,22:08:57,-07:00,2025-04-12T22:08:57-07:00,0,3
cv/index.html,117,html,b61df218,Yixuan Xin,2025-04-12,22:08:57,-07:00,2025-04-12T22:08:57-07:00,0,183
cv/index.html,118,html,b61df218,Yixuan Xin,2025-04-12,22:08:57,-07:00,2025-04-12T22:08:57-07:00,0,4
cv/index.html,119,html,b61df218,Yixuan Xin,2025-04-12,22:08:57,-07:00,2025-04-12T22:08:57-07:00,0,3
cv/index.html,120,html,b61df218,Yixuan Xin,2025-04-12,22:08:57,-07:00,2025-04-12T22:08:57-07:00,0,257
cv/index.html,121,html,b61df218,Yixuan Xin,2025-04-12,22:08:57,-07:00,2025-04-12T22:08:57-07:00,0,4
cv/index.html,122,html,b61df218,Yixuan Xin,2025-04-12,22:08:57,-07:00,2025-04-12T22:08:57-07:00,0,4
cv/index.html,123,html,b61df218,Yixuan Xin,2025-04-12,22:08:57,-07:00,2025-04-12T22:08:57-07:00,0,9
cv/index.html,124,html,b61df218,Yixuan Xin,2025-04-12,22:08:57,-07:00,2025-04-12T22:08:57-07:00,0,0
cv/index.html,125,html,b61df218,Yixuan Xin,2025-04-12,22:08:57,-07:00,2025-04-12T22:08:57-07:00,0,8
cv/index.html,126,html,67f455f2,Yixuan Xin,2025-04-12,22:50:27,-07:00,2025-04-12T22:50:27-07:00,0,3
cv/index.html,127,html,67f455f2,Yixuan Xin,2025-04-12,22:50:27,-07:00,2025-04-12T22:50:27-07:00,0,45
cv/index.html,128,html,67f455f2,Yixuan Xin,2025-04-12,22:50:27,-07:00,2025-04-12T22:50:27-07:00,0,82
cv/index.html,129,html,67f455f2,Yixuan Xin,2025-04-12,22:50:27,-07:00,2025-04-12T22:50:27-07:00,0,59
cv/index.html,130,html,b61df218,Yixuan Xin,2025-04-12,22:08:57,-07:00,2025-04-12T22:08:57-07:00,0,4
cv/index.html,131,html,67f455f2,Yixuan Xin,2025-04-12,22:50:27,-07:00,2025-04-12T22:50:27-07:00,0,0
cv/index.html,132,html,b61df218,Yixuan Xin,2025-04-12,22:08:57,-07:00,2025-04-12T22:08:57-07:00,0,3
cv/index.html,133,html,b61df218,Yixuan Xin,2025-04-12,22:08:57,-07:00,2025-04-12T22:08:57-07:00,0,3
cv/index.html,134,html,b61df218,Yixuan Xin,2025-04-12,22:08:57,-07:00,2025-04-12T22:08:57-07:00,0,178
cv/index.html,135,html,b61df218,Yixuan Xin,2025-04-12,22:08:57,-07:00,2025-04-12T22:08:57-07:00,0,4
cv/index.html,136,html,b61df218,Yixuan Xin,2025-04-12,22:08:57,-07:00,2025-04-12T22:08:57-07:00,0,3
cv/index.html,137,html,b61df218,Yixuan Xin,2025-04-12,22:08:57,-07:00,2025-04-12T22:08:57-07:00,0,134
cv/index.html,138,html,b61df218,Yixuan Xin,2025-04-12,22:08:57,-07:00,2025-04-12T22:08:57-07:00,0,4
cv/index.html,139,html,b61df218,Yixuan Xin,2025-04-12,22:08:57,-07:00,2025-04-12T22:08:57-07:00,0,4
cv/index.html,140,html,b61df218,Yixuan Xin,2025-04-12,22:08:57,-07:00,2025-04-12T22:08:57-07:00,0,9
cv/index.html,141,html,b61df218,Yixuan Xin,2025-04-12,22:08:57,-07:00,2025-04-12T22:08:57-07:00,0,0
cv/index.html,142,html,b61df218,Yixuan Xin,2025-04-12,22:08:57,-07:00,2025-04-12T22:08:57-07:00,0,8
cv/index.html,143,html,0d36ecda,Yixuan Xin,2025-04-12,22:44:37,-07:00,2025-04-12T22:44:37-07:00,0,3
cv/index.html,144,html,0d36ecda,Yixuan Xin,2025-04-12,22:44:37,-07:00,2025-04-12T22:44:37-07:00,0,15
cv/index.html,145,html,67f455f2,Yixuan Xin,2025-04-12,22:50:27,-07:00,2025-04-12T22:50:27-07:00,0,84
cv/index.html,146,html,67f455f2,Yixuan Xin,2025-04-12,22:50:27,-07:00,2025-04-12T22:50:27-07:00,0,4
cv/index.html,147,html,b61df218,Yixuan Xin,2025-04-12,22:08:57,-07:00,2025-04-12T22:08:57-07:00,0,3
cv/index.html,148,html,b61df218,Yixuan Xin,2025-04-12,22:08:57,-07:00,2025-04-12T22:08:57-07:00,0,3
cv/index.html,149,html,b61df218,Yixuan Xin,2025-04-12,22:08:57,-07:00,2025-04-12T22:08:57-07:00,0,83
cv/index.html,150,html,b61df218,Yixuan Xin,2025-04-12,22:08:57,-07:00,2025-04-12T22:08:57-07:00,0,4
cv/index.html,151,html,b61df218,Yixuan Xin,2025-04-12,22:08:57,-07:00,2025-04-12T22:08:57-07:00,0,3
cv/index.html,152,html,b61df218,Yixuan Xin,2025-04-12,22:08:57,-07:00,2025-04-12T22:08:57-07:00,0,86
cv/index.html,153,html,b61df218,Yixuan Xin,2025-04-12,22:08:57,-07:00,2025-04-12T22:08:57-07:00,0,4
cv/index.html,154,html,b61df218,Yixuan Xin,2025-04-12,22:08:57,-07:00,2025-04-12T22:08:57-07:00,0,4
cv/index.html,155,html,b61df218,Yixuan Xin,2025-04-12,22:08:57,-07:00,2025-04-12T22:08:57-07:00,0,9
cv/index.html,156,html,b61df218,Yixuan Xin,2025-04-12,22:08:57,-07:00,2025-04-12T22:08:57-07:00,0,0
cv/index.html,157,html,b61df218,Yixuan Xin,2025-04-12,22:08:57,-07:00,2025-04-12T22:08:57-07:00,0,8
cv/index.html,158,html,0d36ecda,Yixuan Xin,2025-04-12,22:44:37,-07:00,2025-04-12T22:44:37-07:00,0,3
cv/index.html,159,html,67f455f2,Yixuan Xin,2025-04-12,22:50:27,-07:00,2025-04-12T22:50:27-07:00,0,39
cv/index.html,160,html,67f455f2,Yixuan Xin,2025-04-12,22:50:27,-07:00,2025-04-12T22:50:27-07:00,0,95
cv/index.html,161,html,67f455f2,Yixuan Xin,2025-04-12,22:50:27,-07:00,2025-04-12T22:50:27-07:00,0,4
cv/index.html,162,html,b61df218,Yixuan Xin,2025-04-12,22:08:57,-07:00,2025-04-12T22:08:57-07:00,0,3
cv/index.html,163,html,0d36ecda,Yixuan Xin,2025-04-12,22:44:37,-07:00,2025-04-12T22:44:37-07:00,0,3
cv/index.html,164,html,0d36ecda,Yixuan Xin,2025-04-12,22:44:37,-07:00,2025-04-12T22:44:37-07:00,0,143
cv/index.html,165,html,0d36ecda,Yixuan Xin,2025-04-12,22:44:37,-07:00,2025-04-12T22:44:37-07:00,0,4
cv/index.html,166,html,b61df218,Yixuan Xin,2025-04-12,22:08:57,-07:00,2025-04-12T22:08:57-07:00,0,4
cv/index.html,167,html,0d36ecda,Yixuan Xin,2025-04-12,22:44:37,-07:00,2025-04-12T22:44:37-07:00,0,9
cv/index.html,168,html,0d36ecda,Yixuan Xin,2025-04-12,22:44:37,-07:00,2025-04-12T22:44:37-07:00,0,0
cv/index.html,169,html,b61df218,Yixuan Xin,2025-04-12,22:08:57,-07:00,2025-04-12T22:08:57-07:00,0,9
cv/index.html,170,html,b61df218,Yixuan Xin,2025-04-12,22:08:57,-07:00,2025-04-12T22:08:57-07:00,0,0
cv/index.html,171,html,b61df218,Yixuan Xin,2025-04-12,22:08:57,-07:00,2025-04-12T22:08:57-07:00,0,8
cv/index.html,172,html,b61df218,Yixuan Xin,2025-04-12,22:08:57,-07:00,2025-04-12T22:08:57-07:00,0,20
cv/index.html,173,html,b61df218,Yixuan Xin,2025-04-12,22:08:57,-07:00,2025-04-12T22:08:57-07:00,0,3
cv/index.html,174,html,b61df218,Yixuan Xin,2025-04-12,22:08:57,-07:00,2025-04-12T22:08:57-07:00,0,60
cv/index.html,175,html,b61df218,Yixuan Xin,2025-04-12,22:08:57,-07:00,2025-04-12T22:08:57-07:00,0,117
cv/index.html,176,html,b61df218,Yixuan Xin,2025-04-12,22:08:57,-07:00,2025-04-12T22:08:57-07:00,0,84
cv/index.html,177,html,b61df218,Yixuan Xin,2025-04-12,22:08:57,-07:00,2025-04-12T22:08:57-07:00,0,4
cv/index.html,178,html,b61df218,Yixuan Xin,2025-04-12,22:08:57,-07:00,2025-04-12T22:08:57-07:00,0,9
cv/index.html,179,html,b61df218,Yixuan Xin,2025-04-12,22:08:57,-07:00,2025-04-12T22:08:57-07:00,0,0
cv/index.html,180,html,b61df218,Yixuan Xin,2025-04-12,22:08:57,-07:00,2025-04-12T22:08:57-07:00,0,6
cv/index.html,181,html,b61df218,Yixuan Xin,2025-04-12,22:08:57,-07:00,2025-04-12T22:08:57-07:00,0,6
contact/index.html,1,html,34888ca7,Yixuan Xin,2025-04-11,17:15:36,-07:00,2025-04-11T17:15:36-07:00,0,14
contact/index.html,2,html,34888ca7,Yixuan Xin,2025-04-11,17:15:36,-07:00,2025-04-11T17:15:36-07:00,0,15
contact/index.html,3,html,34888ca7,Yixuan Xin,2025-04-11,17:15:36,-07:00,2025-04-11T17:15:36-07:00,0,5
contact/index.html,4,html,34888ca7,Yixuan Xin,2025-04-11,17:15:36,-07:00,2025-04-11T17:15:36-07:00,0,21
contact/index.html,5,html,34888ca7,Yixuan Xin,2025-04-11,17:15:36,-07:00,2025-04-11T17:15:36-07:00,0,69
contact/index.html,6,html,564eb055,Yixuan Xin,2025-04-16,11:15:24,-07:00,2025-04-16T11:15:24-07:00,0,21
contact/index.html,7,html,901b63ec,Yixuan Xin,2025-04-16,21:42:51,-07:00,2025-04-16T21:42:51-07:00,0,42
contact/index.html,8,html,0e80fe0a,Yixuan Xin,2025-04-19,16:36:29,-07:00,2025-04-19T16:36:29-07:00,0,49
contact/index.html,9,html,0e80fe0a,Yixuan Xin,2025-04-19,16:36:29,-07:00,2025-04-19T16:36:29-07:00,0,0
contact/index.html,10,html,fcef4ad1,Yixuan Xin,2025-04-18,17:40:59,-07:00,2025-04-18T17:40:59-07:00,0,0
contact/index.html,11,html,34888ca7,Yixuan Xin,2025-04-11,17:15:36,-07:00,2025-04-11T17:15:36-07:00,0,6
contact/index.html,12,html,34888ca7,Yixuan Xin,2025-04-11,17:15:36,-07:00,2025-04-11T17:15:36-07:00,0,5
contact/index.html,13,html,564eb055,Yixuan Xin,2025-04-16,11:15:24,-07:00,2025-04-16T11:15:24-07:00,0,18
contact/index.html,14,html,34888ca7,Yixuan Xin,2025-04-11,17:15:36,-07:00,2025-04-11T17:15:36-07:00,0,44
contact/index.html,15,html,0b4850ff,Yixuan Xin,2025-04-11,17:50:42,-07:00,2025-04-11T17:50:42-07:00,0,0
contact/index.html,16,html,ea73cef9,Yixuan Xin,2025-04-16,21:59:13,-07:00,2025-04-16T21:59:13-07:00,0,5
contact/index.html,17,html,ea73cef9,Yixuan Xin,2025-04-16,21:59:13,-07:00,2025-04-16T21:59:13-07:00,0,6
contact/index.html,18,html,ea73cef9,Yixuan Xin,2025-04-16,21:59:13,-07:00,2025-04-16T21:59:13-07:00,0,18
contact/index.html,19,html,ea73cef9,Yixuan Xin,2025-04-16,21:59:13,-07:00,2025-04-16T21:59:13-07:00,0,41
contact/index.html,20,html,ea73cef9,Yixuan Xin,2025-04-16,21:59:13,-07:00,2025-04-16T21:59:13-07:00,0,7
contact/index.html,21,html,ea73cef9,Yixuan Xin,2025-04-16,21:59:13,-07:00,2025-04-16T21:59:13-07:00,0,0
contact/index.html,22,html,ea73cef9,Yixuan Xin,2025-04-16,21:59:13,-07:00,2025-04-16T21:59:13-07:00,0,6
contact/index.html,23,html,ea73cef9,Yixuan Xin,2025-04-16,21:59:13,-07:00,2025-04-16T21:59:13-07:00,0,20
contact/index.html,24,html,ea73cef9,Yixuan Xin,2025-04-16,21:59:13,-07:00,2025-04-16T21:59:13-07:00,0,33
contact/index.html,25,html,ea73cef9,Yixuan Xin,2025-04-16,21:59:13,-07:00,2025-04-16T21:59:13-07:00,0,7
contact/index.html,26,html,ea73cef9,Yixuan Xin,2025-04-16,21:59:13,-07:00,2025-04-16T21:59:13-07:00,0,0
contact/index.html,27,html,ea73cef9,Yixuan Xin,2025-04-16,21:59:13,-07:00,2025-04-16T21:59:13-07:00,0,6
contact/index.html,28,html,ea73cef9,Yixuan Xin,2025-04-16,21:59:13,-07:00,2025-04-16T21:59:13-07:00,0,20
contact/index.html,29,html,ea73cef9,Yixuan Xin,2025-04-16,21:59:13,-07:00,2025-04-16T21:59:13-07:00,0,35
contact/index.html,30,html,ea73cef9,Yixuan Xin,2025-04-16,21:59:13,-07:00,2025-04-16T21:59:13-07:00,0,7
contact/index.html,31,html,ea73cef9,Yixuan Xin,2025-04-16,21:59:13,-07:00,2025-04-16T21:59:13-07:00,0,0
contact/index.html,32,html,e81ea3e1,Yixuan Xin,2025-04-16,20:26:00,-07:00,2025-04-16T20:26:00-07:00,0,34
contact/index.html,33,html,ea73cef9,Yixuan Xin,2025-04-16,21:59:13,-07:00,2025-04-16T21:59:13-07:00,0,6
contact/index.html,34,html,ea73cef9,Yixuan Xin,2025-04-16,21:59:13,-07:00,2025-04-16T21:59:13-07:00,0,0
contact/index.html,35,html,34888ca7,Yixuan Xin,2025-04-11,17:15:36,-07:00,2025-04-11T17:15:36-07:00,0,6
contact/index.html,36,html,34888ca7,Yixuan Xin,2025-04-11,17:15:36,-07:00,2025-04-11T17:15:36-07:00,0,6
